Usage: bench  backup [OPTIONS]
Try 'bench  backup --help' for help.

Error: Please specify --site sitename
set -o pipefail; /usr/bin/mariadb-dump --user=_b026392f038ad58b --host=127.0.0.1 --port=3306 --password=********** --single-transaction --quick --lock-tables=false _b026392f038ad58b | /usr/bin/gzip >> ./site1.local/private/backups/20260701_120002-site1_local-database.sql.gz

Backup Summary for site1.local at 2026-07-01 12:00:06.352840
Config  : /home/khushboo/frappe-bench/sites/site1.local/private/backups/20260701_120002-site1_local-site_config_backup.json 186.0B
Database: /home/khushboo/frappe-bench/sites/site1.local/private/backups/20260701_120002-site1_local-database.sql.gz 1.0MiB
Backup for Site site1.local has been successfully completed
set -o pipefail; /usr/bin/mariadb-dump --user=_b026392f038ad58b --host=127.0.0.1 --port=3306 --password=********** --single-transaction --quick --lock-tables=false _b026392f038ad58b | /usr/bin/gzip >> ./site1.local/private/backups/20260701_180003-site1_local-database.sql.gz

Backup Summary for site1.local at 2026-07-01 18:00:07.574378
Config  : /home/khushboo/frappe-bench/sites/site1.local/private/backups/20260701_180003-site1_local-site_config_backup.json 186.0B
Database: /home/khushboo/frappe-bench/sites/site1.local/private/backups/20260701_180003-site1_local-database.sql.gz 1.1MiB
Backup for Site site1.local has been successfully completed
set -o pipefail; /usr/bin/mariadb-dump --user=_b026392f038ad58b --host=127.0.0.1 --port=3306 --password=********** --single-transaction --quick --lock-tables=false _b026392f038ad58b | /usr/bin/gzip >> ./site1.local/private/backups/20260702_120002-site1_local-database.sql.gz

Backup Summary for site1.local at 2026-07-02 12:00:05.873419
Config  : /home/khushboo/frappe-bench/sites/site1.local/private/backups/20260702_120002-site1_local-site_config_backup.json 186.0B
Database: /home/khushboo/frappe-bench/sites/site1.local/private/backups/20260702_120002-site1_local-database.sql.gz 1.1MiB
Backup for Site site1.local has been successfully completed
set -o pipefail; /usr/bin/mariadb-dump --user=_b026392f038ad58b --host=127.0.0.1 --port=3306 --password=********** --single-transaction --quick --lock-tables=false _b026392f038ad58b | /usr/bin/gzip >> ./site1.local/private/backups/20260702_180003-site1_local-database.sql.gz

Backup Summary for site1.local at 2026-07-02 18:00:05.744142
Config  : /home/khushboo/frappe-bench/sites/site1.local/private/backups/20260702_180003-site1_local-site_config_backup.json 186.0B
Database: /home/khushboo/frappe-bench/sites/site1.local/private/backups/20260702_180003-site1_local-database.sql.gz 1.1MiB
Backup for Site site1.local has been successfully completed
set -o pipefail; /usr/bin/mariadb-dump --user=_b026392f038ad58b --host=127.0.0.1 --port=3306 --password=********** --single-transaction --quick --lock-tables=false _b026392f038ad58b | /usr/bin/gzip >> ./site1.local/private/backups/20260703_120002-site1_local-database.sql.gz

Backup Summary for site1.local at 2026-07-03 12:00:03.997940
Config  : /home/khushboo/frappe-bench/sites/site1.local/private/backups/20260703_120002-site1_local-site_config_backup.json 186.0B
Database: /home/khushboo/frappe-bench/sites/site1.local/private/backups/20260703_120002-site1_local-database.sql.gz 1.1MiB
Backup for Site site1.local has been successfully completed
set -o pipefail; /usr/bin/mariadb-dump --user=_b026392f038ad58b --host=127.0.0.1 --port=3306 --password=********** --single-transaction --quick --lock-tables=false _b026392f038ad58b | /usr/bin/gzip >> ./site1.local/private/backups/20260703_180002-site1_local-database.sql.gz

Backup Summary for site1.local at 2026-07-03 18:00:06.456045
Config  : /home/khushboo/frappe-bench/sites/site1.local/private/backups/20260703_180002-site1_local-site_config_backup.json 186.0B
Database: /home/khushboo/frappe-bench/sites/site1.local/private/backups/20260703_180002-site1_local-database.sql.gz 1.1MiB
Backup for Site site1.local has been successfully completed
set -o pipefail; /usr/bin/mariadb-dump --user=_b026392f038ad58b --host=127.0.0.1 --port=3306 --password=********** --single-transaction --quick --lock-tables=false _b026392f038ad58b | /usr/bin/gzip >> ./site1.local/private/backups/20260704_120002-site1_local-database.sql.gz

Backup Summary for site1.local at 2026-07-04 12:00:06.295710
Config  : /home/khushboo/frappe-bench/sites/site1.local/private/backups/20260704_120002-site1_local-site_config_backup.json 186.0B
Database: /home/khushboo/frappe-bench/sites/site1.local/private/backups/20260704_120002-site1_local-database.sql.gz 1.1MiB
Backup for Site site1.local has been successfully completed
set -o pipefail; /usr/bin/mariadb-dump --user=_b026392f038ad58b --host=127.0.0.1 --port=3306 --password=********** --single-transaction --quick --lock-tables=false _b026392f038ad58b | /usr/bin/gzip >> ./site1.local/private/backups/20260706_120002-site1_local-database.sql.gz

Backup Summary for site1.local at 2026-07-06 12:00:07.152752
Config  : /home/khushboo/frappe-bench/sites/site1.local/private/backups/20260706_120002-site1_local-site_config_backup.json 186.0B
Database: /home/khushboo/frappe-bench/sites/site1.local/private/backups/20260706_120002-site1_local-database.sql.gz 1.1MiB
Backup for Site site1.local has been successfully completed
set -o pipefail; /usr/bin/mariadb-dump --user=_b026392f038ad58b --host=127.0.0.1 --port=3306 --password=********** --single-transaction --quick --lock-tables=false _b026392f038ad58b | /usr/bin/gzip >> ./site1.local/private/backups/20260707_120002-site1_local-database.sql.gz

Backup Summary for site1.local at 2026-07-07 12:00:06.102216
Config  : /home/khushboo/frappe-bench/sites/site1.local/private/backups/20260707_120002-site1_local-site_config_backup.json 186.0B
Database: /home/khushboo/frappe-bench/sites/site1.local/private/backups/20260707_120002-site1_local-database.sql.gz 1.2MiB
Backup for Site site1.local has been successfully completed
set -o pipefail; /usr/bin/mariadb-dump --user=_b026392f038ad58b --host=127.0.0.1 --port=3306 --password=********** --single-transaction --quick --lock-tables=false _b026392f038ad58b | /usr/bin/gzip >> ./site1.local/private/backups/20260707_180001-site1_local-database.sql.gz

Backup Summary for site1.local at 2026-07-07 18:00:03.063272
Config  : /home/khushboo/frappe-bench/sites/site1.local/private/backups/20260707_180001-site1_local-site_config_backup.json 186.0B
Database: /home/khushboo/frappe-bench/sites/site1.local/private/backups/20260707_180001-site1_local-database.sql.gz 1.2MiB
Backup for Site site1.local has been successfully completed
set -o pipefail; /usr/bin/mariadb-dump --user=_b026392f038ad58b --host=127.0.0.1 --port=3306 --password=********** --single-transaction --quick --lock-tables=false _b026392f038ad58b | /usr/bin/gzip >> ./site1.local/private/backups/20260708_120002-site1_local-database.sql.gz

Backup Summary for site1.local at 2026-07-08 12:00:06.424183
Config  : /home/khushboo/frappe-bench/sites/site1.local/private/backups/20260708_120002-site1_local-site_config_backup.json 186.0B
Database: /home/khushboo/frappe-bench/sites/site1.local/private/backups/20260708_120002-site1_local-database.sql.gz 1.2MiB
Backup for Site site1.local has been successfully completed
set -o pipefail; /usr/bin/mariadb-dump --user=_b026392f038ad58b --host=127.0.0.1 --port=3306 --password=********** --single-transaction --quick --lock-tables=false _b026392f038ad58b | /usr/bin/gzip >> ./site1.local/private/backups/20260708_180002-site1_local-database.sql.gz

Backup Summary for site1.local at 2026-07-08 18:00:05.384558
Config  : /home/khushboo/frappe-bench/sites/site1.local/private/backups/20260708_180002-site1_local-site_config_backup.json 186.0B
Database: /home/khushboo/frappe-bench/sites/site1.local/private/backups/20260708_180002-site1_local-database.sql.gz 1.2MiB
Backup for Site site1.local has been successfully completed
set -o pipefail; /usr/bin/mariadb-dump --user=_b026392f038ad58b --host=127.0.0.1 --port=3306 --password=********** --single-transaction --quick --lock-tables=false _b026392f038ad58b | /usr/bin/gzip >> ./site1.local/private/backups/20260709_120002-site1_local-database.sql.gz

Backup Summary for site1.local at 2026-07-09 12:00:06.460816
Config  : /home/khushboo/frappe-bench/sites/site1.local/private/backups/20260709_120002-site1_local-site_config_backup.json 186.0B
Database: /home/khushboo/frappe-bench/sites/site1.local/private/backups/20260709_120002-site1_local-database.sql.gz 1.2MiB
Backup for Site site1.local has been successfully completed
set -o pipefail; /usr/bin/mariadb-dump --user=_b026392f038ad58b --host=127.0.0.1 --port=3306 --password=********** --single-transaction --quick --lock-tables=false _b026392f038ad58b | /usr/bin/gzip >> ./site1.local/private/backups/20260709_180002-site1_local-database.sql.gz

Backup Summary for site1.local at 2026-07-09 18:00:06.167484
Config  : /home/khushboo/frappe-bench/sites/site1.local/private/backups/20260709_180002-site1_local-site_config_backup.json 186.0B
Database: /home/khushboo/frappe-bench/sites/site1.local/private/backups/20260709_180002-site1_local-database.sql.gz 1.2MiB
Backup for Site site1.local has been successfully completed
set -o pipefail; /usr/bin/mariadb-dump --user=_b026392f038ad58b --host=127.0.0.1 --port=3306 --password=********** --single-transaction --quick --lock-tables=false _b026392f038ad58b | /usr/bin/gzip >> ./site1.local/private/backups/20260710_120002-site1_local-database.sql.gz

Backup Summary for site1.local at 2026-07-10 12:00:06.066912
Config  : /home/khushboo/frappe-bench/sites/site1.local/private/backups/20260710_120002-site1_local-site_config_backup.json 186.0B
Database: /home/khushboo/frappe-bench/sites/site1.local/private/backups/20260710_120002-site1_local-database.sql.gz 1.2MiB
Backup for Site site1.local has been successfully completed
set -o pipefail; /usr/bin/mariadb-dump --user=_b026392f038ad58b --host=127.0.0.1 --port=3306 --password=********** --single-transaction --quick --lock-tables=false _b026392f038ad58b | /usr/bin/gzip >> ./site1.local/private/backups/20260710_180002-site1_local-database.sql.gz

Backup Summary for site1.local at 2026-07-10 18:00:08.341233
Config  : /home/khushboo/frappe-bench/sites/site1.local/private/backups/20260710_180002-site1_local-site_config_backup.json 186.0B
Database: /home/khushboo/frappe-bench/sites/site1.local/private/backups/20260710_180002-site1_local-database.sql.gz 1.2MiB
Backup for Site site1.local has been successfully completed
set -o pipefail; /usr/bin/mariadb-dump --user=_b026392f038ad58b --host=127.0.0.1 --port=3306 --password=********** --single-transaction --quick --lock-tables=false _b026392f038ad58b | /usr/bin/gzip >> ./site1.local/private/backups/20260711_120002-site1_local-database.sql.gz

Backup Summary for site1.local at 2026-07-11 12:00:06.158486
Config  : /home/khushboo/frappe-bench/sites/site1.local/private/backups/20260711_120002-site1_local-site_config_backup.json 186.0B
Database: /home/khushboo/frappe-bench/sites/site1.local/private/backups/20260711_120002-site1_local-database.sql.gz 1.2MiB
Backup for Site site1.local has been successfully completed
set -o pipefail; /usr/bin/mariadb-dump --user=_b026392f038ad58b --host=127.0.0.1 --port=3306 --password=********** --single-transaction --quick --lock-tables=false _b026392f038ad58b | /usr/bin/gzip >> ./site1.local/private/backups/20260711_180003-site1_local-database.sql.gz

Backup Summary for site1.local at 2026-07-11 18:00:09.923759
Config  : /home/khushboo/frappe-bench/sites/site1.local/private/backups/20260711_180003-site1_local-site_config_backup.json 186.0B
Database: /home/khushboo/frappe-bench/sites/site1.local/private/backups/20260711_180003-site1_local-database.sql.gz 1.2MiB
Backup for Site site1.local has been successfully completed
set -o pipefail; /usr/bin/mariadb-dump --user=_b026392f038ad58b --host=127.0.0.1 --port=3306 --password=********** --single-transaction --quick --lock-tables=false _b026392f038ad58b | /usr/bin/gzip >> ./site1.local/private/backups/20260713_120002-site1_local-database.sql.gz

Backup Summary for site1.local at 2026-07-13 12:00:05.225355
Config  : /home/khushboo/frappe-bench/sites/site1.local/private/backups/20260713_120002-site1_local-site_config_backup.json 186.0B
Database: /home/khushboo/frappe-bench/sites/site1.local/private/backups/20260713_120002-site1_local-database.sql.gz 1.2MiB
Backup for Site site1.local has been successfully completed
set -o pipefail; /usr/bin/mariadb-dump --user=_b026392f038ad58b --host=127.0.0.1 --port=3306 --password=********** --single-transaction --quick --lock-tables=false _b026392f038ad58b | /usr/bin/gzip >> ./site1.local/private/backups/20260714_120004-site1_local-database.sql.gz

Backup Summary for site1.local at 2026-07-14 12:00:07.602935
Config  : /home/khushboo/frappe-bench/sites/site1.local/private/backups/20260714_120004-site1_local-site_config_backup.json 186.0B
Database: /home/khushboo/frappe-bench/sites/site1.local/private/backups/20260714_120004-site1_local-database.sql.gz 1.2MiB
Backup for Site site1.local has been successfully completed
set -o pipefail; /usr/bin/mariadb-dump --user=_b026392f038ad58b --host=127.0.0.1 --port=3306 --password=********** --single-transaction --quick --lock-tables=false _b026392f038ad58b | /usr/bin/gzip >> ./site1.local/private/backups/20260715_120006-site1_local-database.sql.gz

Backup Summary for site1.local at 2026-07-15 12:00:12.785775
Config  : /home/khushboo/frappe-bench/sites/site1.local/private/backups/20260715_120006-site1_local-site_config_backup.json 186.0B
Database: /home/khushboo/frappe-bench/sites/site1.local/private/backups/20260715_120006-site1_local-database.sql.gz 1.2MiB
Backup for Site site1.local has been successfully completed
set -o pipefail; /usr/bin/mariadb-dump --user=_b026392f038ad58b --host=127.0.0.1 --port=3306 --password=********** --single-transaction --quick --lock-tables=false _b026392f038ad58b | /usr/bin/gzip >> ./site1.local/private/backups/20260716_120003-site1_local-database.sql.gz

Backup Summary for site1.local at 2026-07-16 12:00:08.962381
Config  : /home/khushboo/frappe-bench/sites/site1.local/private/backups/20260716_120003-site1_local-site_config_backup.json 186.0B
Database: /home/khushboo/frappe-bench/sites/site1.local/private/backups/20260716_120003-site1_local-database.sql.gz 1.2MiB
Backup for Site site1.local has been successfully completed
set -o pipefail; /usr/bin/mariadb-dump --user=_b026392f038ad58b --host=127.0.0.1 --port=3306 --password=********** --single-transaction --quick --lock-tables=false _b026392f038ad58b | /usr/bin/gzip >> ./site1.local/private/backups/20260716_180003-site1_local-database.sql.gz

Backup Summary for site1.local at 2026-07-16 18:00:09.048919
Config  : /home/khushboo/frappe-bench/sites/site1.local/private/backups/20260716_180003-site1_local-site_config_backup.json 186.0B
Database: /home/khushboo/frappe-bench/sites/site1.local/private/backups/20260716_180003-site1_local-database.sql.gz 1.2MiB
Backup for Site site1.local has been successfully completed
set -o pipefail; /usr/bin/mariadb-dump --user=_b026392f038ad58b --host=127.0.0.1 --port=3306 --password=********** --single-transaction --quick --lock-tables=false _b026392f038ad58b | /usr/bin/gzip >> ./site1.local/private/backups/20260717_120002-site1_local-database.sql.gz

Backup Summary for site1.local at 2026-07-17 12:00:04.308845
Config  : /home/khushboo/frappe-bench/sites/site1.local/private/backups/20260717_120002-site1_local-site_config_backup.json 186.0B
Database: /home/khushboo/frappe-bench/sites/site1.local/private/backups/20260717_120002-site1_local-database.sql.gz 1.2MiB
Backup for Site site1.local has been successfully completed
set -o pipefail; /usr/bin/mariadb-dump --user=_b026392f038ad58b --host=127.0.0.1 --port=3306 --password=********** --single-transaction --quick --lock-tables=false _b026392f038ad58b | /usr/bin/gzip >> ./site1.local/private/backups/20260721_120006-site1_local-database.sql.gz

Backup Summary for site1.local at 2026-07-21 12:00:09.821890
Config  : /home/khushboo/frappe-bench/sites/site1.local/private/backups/20260721_120006-site1_local-site_config_backup.json 186.0B
Database: /home/khushboo/frappe-bench/sites/site1.local/private/backups/20260721_120006-site1_local-database.sql.gz 1.2MiB
Backup for Site site1.local has been successfully completed
set -o pipefail; /usr/bin/mariadb-dump --user=_b026392f038ad58b --host=127.0.0.1 --port=3306 --password=********** --single-transaction --quick --lock-tables=false _b026392f038ad58b | /usr/bin/gzip >> ./site1.local/private/backups/20260721_180004-site1_local-database.sql.gz

Backup Summary for site1.local at 2026-07-21 18:00:07.673112
Config  : /home/khushboo/frappe-bench/sites/site1.local/private/backups/20260721_180004-site1_local-site_config_backup.json 186.0B
Database: /home/khushboo/frappe-bench/sites/site1.local/private/backups/20260721_180004-site1_local-database.sql.gz 1.2MiB
Backup for Site site1.local has been successfully completed
set -o pipefail; /usr/bin/mariadb-dump --user=_b026392f038ad58b --host=127.0.0.1 --port=3306 --password=********** --single-transaction --quick --lock-tables=false _b026392f038ad58b | /usr/bin/gzip >> ./site1.local/private/backups/20260722_120002-site1_local-database.sql.gz

Backup Summary for site1.local at 2026-07-22 12:00:05.863548
Config  : /home/khushboo/frappe-bench/sites/site1.local/private/backups/20260722_120002-site1_local-site_config_backup.json 186.0B
Database: /home/khushboo/frappe-bench/sites/site1.local/private/backups/20260722_120002-site1_local-database.sql.gz 1.2MiB
Backup for Site site1.local has been successfully completed
set -o pipefail; /usr/bin/mariadb-dump --user=_b026392f038ad58b --host=127.0.0.1 --port=3306 --password=********** --single-transaction --quick --lock-tables=false _b026392f038ad58b | /usr/bin/gzip >> ./site1.local/private/backups/20260723_120003-site1_local-database.sql.gz

Backup Summary for site1.local at 2026-07-23 12:00:05.872350
Config  : /home/khushboo/frappe-bench/sites/site1.local/private/backups/20260723_120003-site1_local-site_config_backup.json 186.0B
Database: /home/khushboo/frappe-bench/sites/site1.local/private/backups/20260723_120003-site1_local-database.sql.gz 1.2MiB
Backup for Site site1.local has been successfully completed
set -o pipefail; /usr/bin/mariadb-dump --user=_b026392f038ad58b --host=127.0.0.1 --port=3306 --password=********** --single-transaction --quick --lock-tables=false _b026392f038ad58b | /usr/bin/gzip >> ./site1.local/private/backups/20260725_120006-site1_local-database.sql.gz

Backup Summary for site1.local at 2026-07-25 12:00:14.778959
Config  : /home/khushboo/frappe-bench/sites/site1.local/private/backups/20260725_120006-site1_local-site_config_backup.json 186.0B
Database: /home/khushboo/frappe-bench/sites/site1.local/private/backups/20260725_120006-site1_local-database.sql.gz 1.2MiB
Backup for Site site1.local has been successfully completed
set -o pipefail; /usr/bin/mariadb-dump --user=_b026392f038ad58b --host=127.0.0.1 --port=3306 --password=********** --single-transaction --quick --lock-tables=false _b026392f038ad58b | /usr/bin/gzip >> ./site1.local/private/backups/20260727_120002-site1_local-database.sql.gz

Backup Summary for site1.local at 2026-07-27 12:00:06.326039
Config  : /home/khushboo/frappe-bench/sites/site1.local/private/backups/20260727_120002-site1_local-site_config_backup.json 186.0B
Database: /home/khushboo/frappe-bench/sites/site1.local/private/backups/20260727_120002-site1_local-database.sql.gz 1.2MiB
Backup for Site site1.local has been successfully completed
set -o pipefail; /usr/bin/mariadb-dump --user=_b026392f038ad58b --host=127.0.0.1 --port=3306 --password=********** --single-transaction --quick --lock-tables=false _b026392f038ad58b | /usr/bin/gzip >> ./site1.local/private/backups/20260727_180004-site1_local-database.sql.gz

Backup Summary for site1.local at 2026-07-27 18:00:12.355497
Config  : /home/khushboo/frappe-bench/sites/site1.local/private/backups/20260727_180004-site1_local-site_config_backup.json 186.0B
Database: /home/khushboo/frappe-bench/sites/site1.local/private/backups/20260727_180004-site1_local-database.sql.gz 1.2MiB
Backup for Site site1.local has been successfully completed
set -o pipefail; /usr/bin/mariadb-dump --user=_b026392f038ad58b --host=127.0.0.1 --port=3306 --password=********** --single-transaction --quick --lock-tables=false _b026392f038ad58b | /usr/bin/gzip >> ./site1.local/private/backups/20260728_120002-site1_local-database.sql.gz

Backup Summary for site1.local at 2026-07-28 12:00:06.458050
Config  : /home/khushboo/frappe-bench/sites/site1.local/private/backups/20260728_120002-site1_local-site_config_backup.json 186.0B
Database: /home/khushboo/frappe-bench/sites/site1.local/private/backups/20260728_120002-site1_local-database.sql.gz 1.2MiB
Backup for Site site1.local has been successfully completed
set -o pipefail; /usr/bin/mariadb-dump --user=_b026392f038ad58b --host=127.0.0.1 --port=3306 --password=********** --single-transaction --quick --lock-tables=false _b026392f038ad58b | /usr/bin/gzip >> ./site1.local/private/backups/20260728_180003-site1_local-database.sql.gz

Backup Summary for site1.local at 2026-07-28 18:00:09.451303
Config  : /home/khushboo/frappe-bench/sites/site1.local/private/backups/20260728_180003-site1_local-site_config_backup.json 186.0B
Database: /home/khushboo/frappe-bench/sites/site1.local/private/backups/20260728_180003-site1_local-database.sql.gz 1.2MiB
Backup for Site site1.local has been successfully completed
set -o pipefail; /usr/bin/mariadb-dump --user=_b026392f038ad58b --host=127.0.0.1 --port=3306 --password=********** --single-transaction --quick --lock-tables=false _b026392f038ad58b | /usr/bin/gzip >> ./site1.local/private/backups/20260729_120006-site1_local-database.sql.gz

Backup Summary for site1.local at 2026-07-29 12:00:10.581189
Config  : /home/khushboo/frappe-bench/sites/site1.local/private/backups/20260729_120006-site1_local-site_config_backup.json 186.0B
Database: /home/khushboo/frappe-bench/sites/site1.local/private/backups/20260729_120006-site1_local-database.sql.gz 1.2MiB
Backup for Site site1.local has been successfully completed
set -o pipefail; /usr/bin/mariadb-dump --user=_b026392f038ad58b --host=127.0.0.1 --port=3306 --password=********** --single-transaction --quick --lock-tables=false _b026392f038ad58b | /usr/bin/gzip >> ./site1.local/private/backups/20260729_180004-site1_local-database.sql.gz

Backup Summary for site1.local at 2026-07-29 18:00:07.541331
Config  : /home/khushboo/frappe-bench/sites/site1.local/private/backups/20260729_180004-site1_local-site_config_backup.json 186.0B
Database: /home/khushboo/frappe-bench/sites/site1.local/private/backups/20260729_180004-site1_local-database.sql.gz 1.2MiB
Backup for Site site1.local has been successfully completed
set -o pipefail; /usr/bin/mariadb-dump --user=_b026392f038ad58b --host=127.0.0.1 --port=3306 --password=********** --single-transaction --quick --lock-tables=false _b026392f038ad58b | /usr/bin/gzip >> ./site1.local/private/backups/20260730_120006-site1_local-database.sql.gz

Backup Summary for site1.local at 2026-07-30 12:00:11.335202
Config  : /home/khushboo/frappe-bench/sites/site1.local/private/backups/20260730_120006-site1_local-site_config_backup.json 186.0B
Database: /home/khushboo/frappe-bench/sites/site1.local/private/backups/20260730_120006-site1_local-database.sql.gz 1.2MiB
Backup for Site site1.local has been successfully completed
set -o pipefail; /usr/bin/mariadb-dump --user=_b026392f038ad58b --host=127.0.0.1 --port=3306 --password=********** --single-transaction --quick --lock-tables=false _b026392f038ad58b | /usr/bin/gzip >> ./site1.local/private/backups/20260730_180003-site1_local-database.sql.gz

Backup Summary for site1.local at 2026-07-30 18:00:13.587968
Config  : /home/khushboo/frappe-bench/sites/site1.local/private/backups/20260730_180003-site1_local-site_config_backup.json 186.0B
Database: /home/khushboo/frappe-bench/sites/site1.local/private/backups/20260730_180003-site1_local-database.sql.gz 1.2MiB
Backup for Site site1.local has been successfully completed
set -o pipefail; /usr/bin/mariadb-dump --user=_0fcf0af06be36fef --host=127.0.0.1 --port=3306 --password=********** --single-transaction --quick --lock-tables=false _0fcf0af06be36fef | /usr/bin/gzip >> ./khushboo.local/private/backups/20260731_120002-khushboo_local-database.sql.gz

Backup Summary for khushboo.local at 2026-07-31 12:00:06.389089
Config  : /home/khushboo/frappe-bench/sites/khushboo.local/private/backups/20260731_120002-khushboo_local-site_config_backup.json 176.0B
Database: /home/khushboo/frappe-bench/sites/khushboo.local/private/backups/20260731_120002-khushboo_local-database.sql.gz 929.2KiB
Backup for Site khushboo.local has been successfully completed
File ./site1.local/private/backups/20260730_180003-site1_local-database.sql.gz is recent
File ./site1.local/private/backups/20260730_120006-site1_local-database.sql.gz is older than 23 hours
File ./site1.local/private/backups/20260730_120006-site1_local-site_config_backup.json is older than 23 hours
File ./site1.local/private/backups/20260730_180003-site1_local-site_config_backup.json is recent
set -o pipefail; /usr/bin/mariadb-dump --user=_b026392f038ad58b --host=127.0.0.1 --port=3306 --password=********** --single-transaction --quick --lock-tables=false _b026392f038ad58b | /usr/bin/gzip >> ./site1.local/private/backups/20260731_120006-site1_local-database.sql.gz

Backup Summary for site1.local at 2026-07-31 12:00:12.703954
Config  : /home/khushboo/frappe-bench/sites/site1.local/private/backups/20260731_120006-site1_local-site_config_backup.json 186.0B
Database: /home/khushboo/frappe-bench/sites/site1.local/private/backups/20260731_120006-site1_local-database.sql.gz 1.2MiB
Backup for Site site1.local has been successfully completed
set -o pipefail; /usr/bin/mariadb-dump --user=_0fcf0af06be36fef --host=127.0.0.1 --port=3306 --password=********** --single-transaction --quick --lock-tables=false _0fcf0af06be36fef | /usr/bin/gzip >> ./khushboo.local/private/backups/20260731_180003-khushboo_local-database.sql.gz

Backup Summary for khushboo.local at 2026-07-31 18:00:08.454751
Config  : /home/khushboo/frappe-bench/sites/khushboo.local/private/backups/20260731_180003-khushboo_local-site_config_backup.json 176.0B
Database: /home/khushboo/frappe-bench/sites/khushboo.local/private/backups/20260731_180003-khushboo_local-database.sql.gz 932.6KiB
Backup for Site khushboo.local has been successfully completed
File ./site1.local/private/backups/20260731_120006-site1_local-site_config_backup.json is recent
File ./site1.local/private/backups/20260730_180003-site1_local-database.sql.gz is older than 23 hours
File ./site1.local/private/backups/20260731_120006-site1_local-database.sql.gz is recent
File ./site1.local/private/backups/20260730_180003-site1_local-site_config_backup.json is older than 23 hours
set -o pipefail; /usr/bin/mariadb-dump --user=_b026392f038ad58b --host=127.0.0.1 --port=3306 --password=********** --single-transaction --quick --lock-tables=false _b026392f038ad58b | /usr/bin/gzip >> ./site1.local/private/backups/20260731_180008-site1_local-database.sql.gz

Backup Summary for site1.local at 2026-07-31 18:00:16.312665
Config  : /home/khushboo/frappe-bench/sites/site1.local/private/backups/20260731_180008-site1_local-site_config_backup.json 186.0B
Database: /home/khushboo/frappe-bench/sites/site1.local/private/backups/20260731_180008-site1_local-database.sql.gz 1.2MiB
Backup for Site site1.local has been successfully completed
set -o pipefail; /usr/bin/mariadb-dump --user=_0fcf0af06be36fef --host=127.0.0.1 --port=3306 --password=********** --single-transaction --quick --lock-tables=false _0fcf0af06be36fef | /usr/bin/gzip >> ./khushboo.local/private/backups/20260803_120004-khushboo_local-database.sql.gz

Backup Summary for khushboo.local at 2026-08-03 12:00:10.950543
Config  : /home/khushboo/frappe-bench/sites/khushboo.local/private/backups/20260803_120004-khushboo_local-site_config_backup.json 176.0B
Database: /home/khushboo/frappe-bench/sites/khushboo.local/private/backups/20260803_120004-khushboo_local-database.sql.gz 938.2KiB
Backup for Site khushboo.local has been successfully completed
File ./site1.local/private/backups/20260731_120006-site1_local-site_config_backup.json is older than 23 hours
File ./site1.local/private/backups/20260731_120006-site1_local-database.sql.gz is older than 23 hours
File ./site1.local/private/backups/20260731_180008-site1_local-database.sql.gz is older than 23 hours
File ./site1.local/private/backups/20260731_180008-site1_local-site_config_backup.json is older than 23 hours
set -o pipefail; /usr/bin/mariadb-dump --user=_b026392f038ad58b --host=127.0.0.1 --port=3306 --password=********** --single-transaction --quick --lock-tables=false _b026392f038ad58b | /usr/bin/gzip >> ./site1.local/private/backups/20260803_120010-site1_local-database.sql.gz

Backup Summary for site1.local at 2026-08-03 12:00:17.955820
Config  : /home/khushboo/frappe-bench/sites/site1.local/private/backups/20260803_120010-site1_local-site_config_backup.json 186.0B
Database: /home/khushboo/frappe-bench/sites/site1.local/private/backups/20260803_120010-site1_local-database.sql.gz 1.2MiB
Backup for Site site1.local has been successfully completed
set -o pipefail; /usr/bin/mariadb-dump --user=_0fcf0af06be36fef --host=127.0.0.1 --port=3306 --password=********** --single-transaction --quick --lock-tables=false _0fcf0af06be36fef | /usr/bin/gzip >> ./khushboo.local/private/backups/20260803_180003-khushboo_local-database.sql.gz

Backup Summary for khushboo.local at 2026-08-03 18:00:10.266731
Config  : /home/khushboo/frappe-bench/sites/khushboo.local/private/backups/20260803_180003-khushboo_local-site_config_backup.json 176.0B
Database: /home/khushboo/frappe-bench/sites/khushboo.local/private/backups/20260803_180003-khushboo_local-database.sql.gz 940.7KiB
Backup for Site khushboo.local has been successfully completed
File ./site1.local/private/backups/20260803_120010-site1_local-site_config_backup.json is recent
File ./site1.local/private/backups/20260803_120010-site1_local-database.sql.gz is recent
set -o pipefail; /usr/bin/mariadb-dump --user=_b026392f038ad58b --host=127.0.0.1 --port=3306 --password=********** --single-transaction --quick --lock-tables=false _b026392f038ad58b | /usr/bin/gzip >> ./site1.local/private/backups/20260803_180010-site1_local-database.sql.gz

Backup Summary for site1.local at 2026-08-03 18:00:17.624646
Config  : /home/khushboo/frappe-bench/sites/site1.local/private/backups/20260803_180010-site1_local-site_config_backup.json 186.0B
Database: /home/khushboo/frappe-bench/sites/site1.local/private/backups/20260803_180010-site1_local-database.sql.gz 1.2MiB
Backup for Site site1.local has been successfully completed
set -o pipefail; /usr/bin/mariadb-dump --user=_0fcf0af06be36fef --host=127.0.0.1 --port=3306 --password=********** --single-transaction --quick --lock-tables=false _0fcf0af06be36fef | /usr/bin/gzip >> ./khushboo.local/private/backups/20260804_120002-khushboo_local-database.sql.gz

Backup Summary for khushboo.local at 2026-08-04 12:00:07.254106
Config  : /home/khushboo/frappe-bench/sites/khushboo.local/private/backups/20260804_120002-khushboo_local-site_config_backup.json 176.0B
Database: /home/khushboo/frappe-bench/sites/khushboo.local/private/backups/20260804_120002-khushboo_local-database.sql.gz 943.1KiB
Backup for Site khushboo.local has been successfully completed
File ./site1.local/private/backups/20260803_120010-site1_local-site_config_backup.json is older than 23 hours
File ./site1.local/private/backups/20260803_180010-site1_local-site_config_backup.json is recent
File ./site1.local/private/backups/20260803_120010-site1_local-database.sql.gz is older than 23 hours
File ./site1.local/private/backups/20260803_180010-site1_local-database.sql.gz is recent
set -o pipefail; /usr/bin/mariadb-dump --user=_b026392f038ad58b --host=127.0.0.1 --port=3306 --password=********** --single-transaction --quick --lock-tables=false _b026392f038ad58b | /usr/bin/gzip >> ./site1.local/private/backups/20260804_120007-site1_local-database.sql.gz

Backup Summary for site1.local at 2026-08-04 12:00:13.483666
Config  : /home/khushboo/frappe-bench/sites/site1.local/private/backups/20260804_120007-site1_local-site_config_backup.json 186.0B
Database: /home/khushboo/frappe-bench/sites/site1.local/private/backups/20260804_120007-site1_local-database.sql.gz 1.2MiB
Backup for Site site1.local has been successfully completed
set -o pipefail; /usr/bin/mariadb-dump --user=_0fcf0af06be36fef --host=127.0.0.1 --port=3306 --password=********** --single-transaction --quick --lock-tables=false _0fcf0af06be36fef | /usr/bin/gzip >> ./khushboo.local/private/backups/20260804_180003-khushboo_local-database.sql.gz

Backup Summary for khushboo.local at 2026-08-04 18:00:10.600002
Config  : /home/khushboo/frappe-bench/sites/khushboo.local/private/backups/20260804_180003-khushboo_local-site_config_backup.json 176.0B
Database: /home/khushboo/frappe-bench/sites/khushboo.local/private/backups/20260804_180003-khushboo_local-database.sql.gz 945.7KiB
Backup for Site khushboo.local has been successfully completed
File ./site1.local/private/backups/20260803_180010-site1_local-site_config_backup.json is older than 23 hours
File ./site1.local/private/backups/20260804_120007-site1_local-site_config_backup.json is recent
File ./site1.local/private/backups/20260803_180010-site1_local-database.sql.gz is older than 23 hours
File ./site1.local/private/backups/20260804_120007-site1_local-database.sql.gz is recent
set -o pipefail; /usr/bin/mariadb-dump --user=_b026392f038ad58b --host=127.0.0.1 --port=3306 --password=********** --single-transaction --quick --lock-tables=false _b026392f038ad58b | /usr/bin/gzip >> ./site1.local/private/backups/20260804_180010-site1_local-database.sql.gz

Backup Summary for site1.local at 2026-08-04 18:00:18.024333
Config  : /home/khushboo/frappe-bench/sites/site1.local/private/backups/20260804_180010-site1_local-site_config_backup.json 186.0B
Database: /home/khushboo/frappe-bench/sites/site1.local/private/backups/20260804_180010-site1_local-database.sql.gz 1.2MiB
Backup for Site site1.local has been successfully completed
set -o pipefail; /usr/bin/mariadb-dump --user=_0fcf0af06be36fef --host=127.0.0.1 --port=3306 --password=********** --single-transaction --quick --lock-tables=false _0fcf0af06be36fef | /usr/bin/gzip >> ./khushboo.local/private/backups/20260805_120003-khushboo_local-database.sql.gz

Backup Summary for khushboo.local at 2026-08-05 12:00:09.417903
Config  : /home/khushboo/frappe-bench/sites/khushboo.local/private/backups/20260805_120003-khushboo_local-site_config_backup.json 176.0B
Database: /home/khushboo/frappe-bench/sites/khushboo.local/private/backups/20260805_120003-khushboo_local-database.sql.gz 949.5KiB
Backup for Site khushboo.local has been successfully completed
File ./site1.local/private/backups/20260804_120007-site1_local-site_config_backup.json is older than 23 hours
File ./site1.local/private/backups/20260804_180010-site1_local-site_config_backup.json is recent
File ./site1.local/private/backups/20260804_180010-site1_local-database.sql.gz is recent
File ./site1.local/private/backups/20260804_120007-site1_local-database.sql.gz is older than 23 hours
set -o pipefail; /usr/bin/mariadb-dump --user=_b026392f038ad58b --host=127.0.0.1 --port=3306 --password=********** --single-transaction --quick --lock-tables=false _b026392f038ad58b | /usr/bin/gzip >> ./site1.local/private/backups/20260805_120009-site1_local-database.sql.gz

Backup Summary for site1.local at 2026-08-05 12:00:16.158992
Config  : /home/khushboo/frappe-bench/sites/site1.local/private/backups/20260805_120009-site1_local-site_config_backup.json 186.0B
Database: /home/khushboo/frappe-bench/sites/site1.local/private/backups/20260805_120009-site1_local-database.sql.gz 1.2MiB
Backup for Site site1.local has been successfully completed
set -o pipefail; /usr/bin/mariadb-dump --user=_0fcf0af06be36fef --host=127.0.0.1 --port=3306 --password=********** --single-transaction --quick --lock-tables=false _0fcf0af06be36fef | /usr/bin/gzip >> ./khushboo.local/private/backups/20260805_180003-khushboo_local-database.sql.gz

Backup Summary for khushboo.local at 2026-08-05 18:00:09.950781
Config  : /home/khushboo/frappe-bench/sites/khushboo.local/private/backups/20260805_180003-khushboo_local-site_config_backup.json 176.0B
Database: /home/khushboo/frappe-bench/sites/khushboo.local/private/backups/20260805_180003-khushboo_local-database.sql.gz 952.1KiB
Backup for Site khushboo.local has been successfully completed
File ./site1.local/private/backups/20260804_180010-site1_local-site_config_backup.json is older than 23 hours
File ./site1.local/private/backups/20260804_180010-site1_local-database.sql.gz is older than 23 hours
File ./site1.local/private/backups/20260805_120009-site1_local-database.sql.gz is recent
File ./site1.local/private/backups/20260805_120009-site1_local-site_config_backup.json is recent
set -o pipefail; /usr/bin/mariadb-dump --user=_b026392f038ad58b --host=127.0.0.1 --port=3306 --password=********** --single-transaction --quick --lock-tables=false _b026392f038ad58b | /usr/bin/gzip >> ./site1.local/private/backups/20260805_180009-site1_local-database.sql.gz

Backup Summary for site1.local at 2026-08-05 18:00:16.825663
Config  : /home/khushboo/frappe-bench/sites/site1.local/private/backups/20260805_180009-site1_local-site_config_backup.json 186.0B
Database: /home/khushboo/frappe-bench/sites/site1.local/private/backups/20260805_180009-site1_local-database.sql.gz 1.2MiB
Backup for Site site1.local has been successfully completed
set -o pipefail; /usr/bin/mariadb-dump --user=_0fcf0af06be36fef --host=127.0.0.1 --port=3306 --password=********** --single-transaction --quick --lock-tables=false _0fcf0af06be36fef | /usr/bin/gzip >> ./khushboo.local/private/backups/20260806_120003-khushboo_local-database.sql.gz

Backup Summary for khushboo.local at 2026-08-06 12:00:09.724103
Config  : /home/khushboo/frappe-bench/sites/khushboo.local/private/backups/20260806_120003-khushboo_local-site_config_backup.json 176.0B
Database: /home/khushboo/frappe-bench/sites/khushboo.local/private/backups/20260806_120003-khushboo_local-database.sql.gz 954.1KiB
Backup for Site khushboo.local has been successfully completed
File ./site1.local/private/backups/20260805_120009-site1_local-database.sql.gz is older than 23 hours
File ./site1.local/private/backups/20260805_120009-site1_local-site_config_backup.json is older than 23 hours
File ./site1.local/private/backups/20260805_180009-site1_local-database.sql.gz is recent
File ./site1.local/private/backups/20260805_180009-site1_local-site_config_backup.json is recent
set -o pipefail; /usr/bin/mariadb-dump --user=_b026392f038ad58b --host=127.0.0.1 --port=3306 --password=********** --single-transaction --quick --lock-tables=false _b026392f038ad58b | /usr/bin/gzip >> ./site1.local/private/backups/20260806_120009-site1_local-database.sql.gz

Backup Summary for site1.local at 2026-08-06 12:00:17.636616
Config  : /home/khushboo/frappe-bench/sites/site1.local/private/backups/20260806_120009-site1_local-site_config_backup.json 186.0B
Database: /home/khushboo/frappe-bench/sites/site1.local/private/backups/20260806_120009-site1_local-database.sql.gz 1.2MiB
Backup for Site site1.local has been successfully completed
set -o pipefail; /usr/bin/mariadb-dump --user=_0fcf0af06be36fef --host=127.0.0.1 --port=3306 --password=********** --single-transaction --quick --lock-tables=false _0fcf0af06be36fef | /usr/bin/gzip >> ./khushboo.local/private/backups/20260806_180003-khushboo_local-database.sql.gz

Backup Summary for khushboo.local at 2026-08-06 18:00:09.301784
Config  : /home/khushboo/frappe-bench/sites/khushboo.local/private/backups/20260806_180003-khushboo_local-site_config_backup.json 176.0B
Database: /home/khushboo/frappe-bench/sites/khushboo.local/private/backups/20260806_180003-khushboo_local-database.sql.gz 956.6KiB
Backup for Site khushboo.local has been successfully completed
File ./site1.local/private/backups/20260806_120009-site1_local-site_config_backup.json is recent
File ./site1.local/private/backups/20260805_180009-site1_local-database.sql.gz is older than 23 hours
File ./site1.local/private/backups/20260806_120009-site1_local-database.sql.gz is recent
File ./site1.local/private/backups/20260805_180009-site1_local-site_config_backup.json is older than 23 hours
set -o pipefail; /usr/bin/mariadb-dump --user=_b026392f038ad58b --host=127.0.0.1 --port=3306 --password=********** --single-transaction --quick --lock-tables=false _b026392f038ad58b | /usr/bin/gzip >> ./site1.local/private/backups/20260806_180009-site1_local-database.sql.gz

Backup Summary for site1.local at 2026-08-06 18:00:16.982560
Config  : /home/khushboo/frappe-bench/sites/site1.local/private/backups/20260806_180009-site1_local-site_config_backup.json 186.0B
Database: /home/khushboo/frappe-bench/sites/site1.local/private/backups/20260806_180009-site1_local-database.sql.gz 1.2MiB
Backup for Site site1.local has been successfully completed
set -o pipefail; /usr/bin/mariadb-dump --user=_0fcf0af06be36fef --host=127.0.0.1 --port=3306 --password=********** --single-transaction --quick --lock-tables=false _0fcf0af06be36fef | /usr/bin/gzip >> ./khushboo.local/private/backups/20260807_120003-khushboo_local-database.sql.gz

Backup Summary for khushboo.local at 2026-08-07 12:00:10.217293
Config  : /home/khushboo/frappe-bench/sites/khushboo.local/private/backups/20260807_120003-khushboo_local-site_config_backup.json 176.0B
Database: /home/khushboo/frappe-bench/sites/khushboo.local/private/backups/20260807_120003-khushboo_local-database.sql.gz 958.0KiB
Backup for Site khushboo.local has been successfully completed
File ./site1.local/private/backups/20260806_120009-site1_local-site_config_backup.json is older than 23 hours
File ./site1.local/private/backups/20260806_180009-site1_local-database.sql.gz is recent
File ./site1.local/private/backups/20260806_180009-site1_local-site_config_backup.json is recent
File ./site1.local/private/backups/20260806_120009-site1_local-database.sql.gz is older than 23 hours
set -o pipefail; /usr/bin/mariadb-dump --user=_b026392f038ad58b --host=127.0.0.1 --port=3306 --password=********** --single-transaction --quick --lock-tables=false _b026392f038ad58b | /usr/bin/gzip >> ./site1.local/private/backups/20260807_120010-site1_local-database.sql.gz

Backup Summary for site1.local at 2026-08-07 12:00:17.447343
Config  : /home/khushboo/frappe-bench/sites/site1.local/private/backups/20260807_120010-site1_local-site_config_backup.json 186.0B
Database: /home/khushboo/frappe-bench/sites/site1.local/private/backups/20260807_120010-site1_local-database.sql.gz 1.2MiB
Backup for Site site1.local has been successfully completed
set -o pipefail; /usr/bin/mariadb-dump --user=_0fcf0af06be36fef --host=127.0.0.1 --port=3306 --password=********** --single-transaction --quick --lock-tables=false _0fcf0af06be36fef | /usr/bin/gzip >> ./khushboo.local/private/backups/20260807_180003-khushboo_local-database.sql.gz

Backup Summary for khushboo.local at 2026-08-07 18:00:09.610056
Config  : /home/khushboo/frappe-bench/sites/khushboo.local/private/backups/20260807_180003-khushboo_local-site_config_backup.json 176.0B
Database: /home/khushboo/frappe-bench/sites/khushboo.local/private/backups/20260807_180003-khushboo_local-database.sql.gz 960.5KiB
Backup for Site khushboo.local has been successfully completed
File ./site1.local/private/backups/20260806_180009-site1_local-database.sql.gz is older than 23 hours
File ./site1.local/private/backups/20260807_120010-site1_local-site_config_backup.json is recent
File ./site1.local/private/backups/20260807_120010-site1_local-database.sql.gz is recent
File ./site1.local/private/backups/20260806_180009-site1_local-site_config_backup.json is older than 23 hours
set -o pipefail; /usr/bin/mariadb-dump --user=_b026392f038ad58b --host=127.0.0.1 --port=3306 --password=********** --single-transaction --quick --lock-tables=false _b026392f038ad58b | /usr/bin/gzip >> ./site1.local/private/backups/20260807_180009-site1_local-database.sql.gz

Backup Summary for site1.local at 2026-08-07 18:00:16.430053
Config  : /home/khushboo/frappe-bench/sites/site1.local/private/backups/20260807_180009-site1_local-site_config_backup.json 186.0B
Database: /home/khushboo/frappe-bench/sites/site1.local/private/backups/20260807_180009-site1_local-database.sql.gz 1.2MiB
Backup for Site site1.local has been successfully completed
set -o pipefail; /usr/bin/mariadb-dump --user=_0fcf0af06be36fef --host=127.0.0.1 --port=3306 --password=********** --single-transaction --quick --lock-tables=false _0fcf0af06be36fef | /usr/bin/gzip >> ./khushboo.local/private/backups/20260808_120005-khushboo_local-database.sql.gz

Backup Summary for khushboo.local at 2026-08-08 12:00:10.363239
Config  : /home/khushboo/frappe-bench/sites/khushboo.local/private/backups/20260808_120005-khushboo_local-site_config_backup.json 176.0B
Database: /home/khushboo/frappe-bench/sites/khushboo.local/private/backups/20260808_120005-khushboo_local-database.sql.gz 960.5KiB
Backup for Site khushboo.local has been successfully completed
File ./site1.local/private/backups/20260807_120010-site1_local-site_config_backup.json is older than 23 hours
File ./site1.local/private/backups/20260807_120010-site1_local-database.sql.gz is older than 23 hours
File ./site1.local/private/backups/20260807_180009-site1_local-site_config_backup.json is recent
File ./site1.local/private/backups/20260807_180009-site1_local-database.sql.gz is recent
set -o pipefail; /usr/bin/mariadb-dump --user=_b026392f038ad58b --host=127.0.0.1 --port=3306 --password=********** --single-transaction --quick --lock-tables=false _b026392f038ad58b | /usr/bin/gzip >> ./site1.local/private/backups/20260808_120010-site1_local-database.sql.gz

Backup Summary for site1.local at 2026-08-08 12:00:14.323026
Config  : /home/khushboo/frappe-bench/sites/site1.local/private/backups/20260808_120010-site1_local-site_config_backup.json 186.0B
Database: /home/khushboo/frappe-bench/sites/site1.local/private/backups/20260808_120010-site1_local-database.sql.gz 1.2MiB
Backup for Site site1.local has been successfully completed
set -o pipefail; /usr/bin/mariadb-dump --user=_0fcf0af06be36fef --host=127.0.0.1 --port=3306 --password=********** --single-transaction --quick --lock-tables=false _0fcf0af06be36fef | /usr/bin/gzip >> ./khushboo.local/private/backups/20260810_120002-khushboo_local-database.sql.gz

Backup Summary for khushboo.local at 2026-08-10 12:00:05.702649
Config  : /home/khushboo/frappe-bench/sites/khushboo.local/private/backups/20260810_120002-khushboo_local-site_config_backup.json 176.0B
Database: /home/khushboo/frappe-bench/sites/khushboo.local/private/backups/20260810_120002-khushboo_local-database.sql.gz 957.6KiB
Backup for Site khushboo.local has been successfully completed
File ./site1.local/private/backups/20260807_180009-site1_local-site_config_backup.json is older than 23 hours
File ./site1.local/private/backups/20260807_180009-site1_local-database.sql.gz is older than 23 hours
File ./site1.local/private/backups/20260808_120010-site1_local-database.sql.gz is older than 23 hours
File ./site1.local/private/backups/20260808_120010-site1_local-site_config_backup.json is older than 23 hours
set -o pipefail; /usr/bin/mariadb-dump --user=_b026392f038ad58b --host=127.0.0.1 --port=3306 --password=********** --single-transaction --quick --lock-tables=false _b026392f038ad58b | /usr/bin/gzip >> ./site1.local/private/backups/20260810_120005-site1_local-database.sql.gz

Backup Summary for site1.local at 2026-08-10 12:00:09.177940
Config  : /home/khushboo/frappe-bench/sites/site1.local/private/backups/20260810_120005-site1_local-site_config_backup.json 186.0B
Database: /home/khushboo/frappe-bench/sites/site1.local/private/backups/20260810_120005-site1_local-database.sql.gz 1.2MiB
Backup for Site site1.local has been successfully completed
set -o pipefail; /usr/bin/mariadb-dump --user=_0fcf0af06be36fef --host=127.0.0.1 --port=3306 --password=********** --single-transaction --quick --lock-tables=false _0fcf0af06be36fef | /usr/bin/gzip >> ./khushboo.local/private/backups/20260810_180003-khushboo_local-database.sql.gz

Backup Summary for khushboo.local at 2026-08-10 18:00:09.883524
Config  : /home/khushboo/frappe-bench/sites/khushboo.local/private/backups/20260810_180003-khushboo_local-site_config_backup.json 176.0B
Database: /home/khushboo/frappe-bench/sites/khushboo.local/private/backups/20260810_180003-khushboo_local-database.sql.gz 960.3KiB
Backup for Site khushboo.local has been successfully completed
File ./site1.local/private/backups/20260810_120005-site1_local-database.sql.gz is recent
File ./site1.local/private/backups/20260810_120005-site1_local-site_config_backup.json is recent
set -o pipefail; /usr/bin/mariadb-dump --user=_b026392f038ad58b --host=127.0.0.1 --port=3306 --password=********** --single-transaction --quick --lock-tables=false _b026392f038ad58b | /usr/bin/gzip >> ./site1.local/private/backups/20260810_180009-site1_local-database.sql.gz

Backup Summary for site1.local at 2026-08-10 18:00:17.884888
Config  : /home/khushboo/frappe-bench/sites/site1.local/private/backups/20260810_180009-site1_local-site_config_backup.json 186.0B
Database: /home/khushboo/frappe-bench/sites/site1.local/private/backups/20260810_180009-site1_local-database.sql.gz 1.2MiB
Backup for Site site1.local has been successfully completed
set -o pipefail; /usr/bin/mariadb-dump --user=_0fcf0af06be36fef --host=127.0.0.1 --port=3306 --password=********** --single-transaction --quick --lock-tables=false _0fcf0af06be36fef | /usr/bin/gzip >> ./khushboo.local/private/backups/20260811_120003-khushboo_local-database.sql.gz

Backup Summary for khushboo.local at 2026-08-11 12:00:08.995741
Config  : /home/khushboo/frappe-bench/sites/khushboo.local/private/backups/20260811_120003-khushboo_local-site_config_backup.json 176.0B
Database: /home/khushboo/frappe-bench/sites/khushboo.local/private/backups/20260811_120003-khushboo_local-database.sql.gz 957.3KiB
Backup for Site khushboo.local has been successfully completed
File ./site1.local/private/backups/20260810_180009-site1_local-database.sql.gz is recent
File ./site1.local/private/backups/20260810_180009-site1_local-site_config_backup.json is recent
File ./site1.local/private/backups/20260810_120005-site1_local-database.sql.gz is older than 23 hours
File ./site1.local/private/backups/20260810_120005-site1_local-site_config_backup.json is older than 23 hours
set -o pipefail; /usr/bin/mariadb-dump --user=_b026392f038ad58b --host=127.0.0.1 --port=3306 --password=********** --single-transaction --quick --lock-tables=false _b026392f038ad58b | /usr/bin/gzip >> ./site1.local/private/backups/20260811_120009-site1_local-database.sql.gz

Backup Summary for site1.local at 2026-08-11 12:00:16.826636
Config  : /home/khushboo/frappe-bench/sites/site1.local/private/backups/20260811_120009-site1_local-site_config_backup.json 186.0B
Database: /home/khushboo/frappe-bench/sites/site1.local/private/backups/20260811_120009-site1_local-database.sql.gz 1.2MiB
Backup for Site site1.local has been successfully completed
set -o pipefail; /usr/bin/mariadb-dump --user=_0fcf0af06be36fef --host=127.0.0.1 --port=3306 --password=********** --single-transaction --quick --lock-tables=false _0fcf0af06be36fef | /usr/bin/gzip >> ./khushboo.local/private/backups/20260812_120006-khushboo_local-database.sql.gz

Backup Summary for khushboo.local at 2026-08-12 12:00:12.810477
Config  : /home/khushboo/frappe-bench/sites/khushboo.local/private/backups/20260812_120006-khushboo_local-site_config_backup.json 176.0B
Database: /home/khushboo/frappe-bench/sites/khushboo.local/private/backups/20260812_120006-khushboo_local-database.sql.gz 959.9KiB
Backup for Site khushboo.local has been successfully completed
File ./site1.local/private/backups/20260810_180009-site1_local-database.sql.gz is older than 23 hours
File ./site1.local/private/backups/20260811_120009-site1_local-site_config_backup.json is older than 23 hours
File ./site1.local/private/backups/20260810_180009-site1_local-site_config_backup.json is older than 23 hours
File ./site1.local/private/backups/20260811_120009-site1_local-database.sql.gz is older than 23 hours
set -o pipefail; /usr/bin/mariadb-dump --user=_b026392f038ad58b --host=127.0.0.1 --port=3306 --password=********** --single-transaction --quick --lock-tables=false _b026392f038ad58b | /usr/bin/gzip >> ./site1.local/private/backups/20260812_120012-site1_local-database.sql.gz

Backup Summary for site1.local at 2026-08-12 12:00:18.766174
Config  : /home/khushboo/frappe-bench/sites/site1.local/private/backups/20260812_120012-site1_local-site_config_backup.json 186.0B
Database: /home/khushboo/frappe-bench/sites/site1.local/private/backups/20260812_120012-site1_local-database.sql.gz 1.2MiB
Backup for Site site1.local has been successfully completed
set -o pipefail; /usr/bin/mariadb-dump --user=_0fcf0af06be36fef --host=127.0.0.1 --port=3306 --password=********** --single-transaction --quick --lock-tables=false _0fcf0af06be36fef | /usr/bin/gzip >> ./khushboo.local/private/backups/20260812_180006-khushboo_local-database.sql.gz

Backup Summary for khushboo.local at 2026-08-12 18:00:13.091798
Config  : /home/khushboo/frappe-bench/sites/khushboo.local/private/backups/20260812_180006-khushboo_local-site_config_backup.json 176.0B
Database: /home/khushboo/frappe-bench/sites/khushboo.local/private/backups/20260812_180006-khushboo_local-database.sql.gz 959.9KiB
Backup for Site khushboo.local has been successfully completed
File ./site1.local/private/backups/20260812_120012-site1_local-site_config_backup.json is recent
File ./site1.local/private/backups/20260812_120012-site1_local-database.sql.gz is recent
set -o pipefail; /usr/bin/mariadb-dump --user=_b026392f038ad58b --host=127.0.0.1 --port=3306 --password=********** --single-transaction --quick --lock-tables=false _b026392f038ad58b | /usr/bin/gzip >> ./site1.local/private/backups/20260812_180013-site1_local-database.sql.gz

Backup Summary for site1.local at 2026-08-12 18:00:16.913959
Config  : /home/khushboo/frappe-bench/sites/site1.local/private/backups/20260812_180013-site1_local-site_config_backup.json 186.0B
Database: /home/khushboo/frappe-bench/sites/site1.local/private/backups/20260812_180013-site1_local-database.sql.gz 1.2MiB
Backup for Site site1.local has been successfully completed
set -o pipefail; /usr/bin/mariadb-dump --user=_0fcf0af06be36fef --host=127.0.0.1 --port=3306 --password=********** --single-transaction --quick --lock-tables=false _0fcf0af06be36fef | /usr/bin/gzip >> ./khushboo.local/private/backups/20260813_120005-khushboo_local-database.sql.gz

Backup Summary for khushboo.local at 2026-08-13 12:00:11.773941
Config  : /home/khushboo/frappe-bench/sites/khushboo.local/private/backups/20260813_120005-khushboo_local-site_config_backup.json 176.0B
Database: /home/khushboo/frappe-bench/sites/khushboo.local/private/backups/20260813_120005-khushboo_local-database.sql.gz 959.9KiB
Backup for Site khushboo.local has been successfully completed
File ./site1.local/private/backups/20260812_180013-site1_local-site_config_backup.json is recent
File ./site1.local/private/backups/20260812_120012-site1_local-site_config_backup.json is older than 23 hours
File ./site1.local/private/backups/20260812_120012-site1_local-database.sql.gz is older than 23 hours
File ./site1.local/private/backups/20260812_180013-site1_local-database.sql.gz is recent
set -o pipefail; /usr/bin/mariadb-dump --user=_b026392f038ad58b --host=127.0.0.1 --port=3306 --password=********** --single-transaction --quick --lock-tables=false _b026392f038ad58b | /usr/bin/gzip >> ./site1.local/private/backups/20260813_120012-site1_local-database.sql.gz

Backup Summary for site1.local at 2026-08-13 12:00:20.535771
Config  : /home/khushboo/frappe-bench/sites/site1.local/private/backups/20260813_120012-site1_local-site_config_backup.json 186.0B
Database: /home/khushboo/frappe-bench/sites/site1.local/private/backups/20260813_120012-site1_local-database.sql.gz 1.2MiB
Backup for Site site1.local has been successfully completed
set -o pipefail; /usr/bin/mariadb-dump --user=_0fcf0af06be36fef --host=127.0.0.1 --port=3306 --password=********** --single-transaction --quick --lock-tables=false _0fcf0af06be36fef | /usr/bin/gzip >> ./khushboo.local/private/backups/20260813_180006-khushboo_local-database.sql.gz

Backup Summary for khushboo.local at 2026-08-13 18:00:12.820715
Config  : /home/khushboo/frappe-bench/sites/khushboo.local/private/backups/20260813_180006-khushboo_local-site_config_backup.json 176.0B
Database: /home/khushboo/frappe-bench/sites/khushboo.local/private/backups/20260813_180006-khushboo_local-database.sql.gz 959.9KiB
Backup for Site khushboo.local has been successfully completed
File ./site1.local/private/backups/20260812_180013-site1_local-site_config_backup.json is older than 23 hours
File ./site1.local/private/backups/20260813_120012-site1_local-site_config_backup.json is recent
File ./site1.local/private/backups/20260813_120012-site1_local-database.sql.gz is recent
File ./site1.local/private/backups/20260812_180013-site1_local-database.sql.gz is older than 23 hours
set -o pipefail; /usr/bin/mariadb-dump --user=_b026392f038ad58b --host=127.0.0.1 --port=3306 --password=********** --single-transaction --quick --lock-tables=false _b026392f038ad58b | /usr/bin/gzip >> ./site1.local/private/backups/20260813_180012-site1_local-database.sql.gz

Backup Summary for site1.local at 2026-08-13 18:00:20.436470
Config  : /home/khushboo/frappe-bench/sites/site1.local/private/backups/20260813_180012-site1_local-site_config_backup.json 186.0B
Database: /home/khushboo/frappe-bench/sites/site1.local/private/backups/20260813_180012-site1_local-database.sql.gz 1.2MiB
Backup for Site site1.local has been successfully completed
set -o pipefail; /usr/bin/mariadb-dump --user=_0fcf0af06be36fef --host=127.0.0.1 --port=3306 --password=********** --single-transaction --quick --lock-tables=false _0fcf0af06be36fef | /usr/bin/gzip >> ./khushboo.local/private/backups/20260814_120005-khushboo_local-database.sql.gz

Backup Summary for khushboo.local at 2026-08-14 12:00:12.859457
Config  : /home/khushboo/frappe-bench/sites/khushboo.local/private/backups/20260814_120005-khushboo_local-site_config_backup.json 176.0B
Database: /home/khushboo/frappe-bench/sites/khushboo.local/private/backups/20260814_120005-khushboo_local-database.sql.gz 959.9KiB
Backup for Site khushboo.local has been successfully completed
File ./site1.local/private/backups/20260813_180012-site1_local-site_config_backup.json is recent
File ./site1.local/private/backups/20260813_120012-site1_local-site_config_backup.json is older than 23 hours
File ./site1.local/private/backups/20260813_120012-site1_local-database.sql.gz is older than 23 hours
File ./site1.local/private/backups/20260813_180012-site1_local-database.sql.gz is recent
set -o pipefail; /usr/bin/mariadb-dump --user=_b026392f038ad58b --host=127.0.0.1 --port=3306 --password=********** --single-transaction --quick --lock-tables=false _b026392f038ad58b | /usr/bin/gzip >> ./site1.local/private/backups/20260814_120013-site1_local-database.sql.gz

Backup Summary for site1.local at 2026-08-14 12:00:22.136822
Config  : /home/khushboo/frappe-bench/sites/site1.local/private/backups/20260814_120013-site1_local-site_config_backup.json 186.0B
Database: /home/khushboo/frappe-bench/sites/site1.local/private/backups/20260814_120013-site1_local-database.sql.gz 1.2MiB
Backup for Site site1.local has been successfully completed
set -o pipefail; /usr/bin/mariadb-dump --user=_0fcf0af06be36fef --host=127.0.0.1 --port=3306 --password=********** --single-transaction --quick --lock-tables=false _0fcf0af06be36fef | /usr/bin/gzip >> ./khushboo.local/private/backups/20260814_180006-khushboo_local-database.sql.gz

Backup Summary for khushboo.local at 2026-08-14 18:00:13.186750
Config  : /home/khushboo/frappe-bench/sites/khushboo.local/private/backups/20260814_180006-khushboo_local-site_config_backup.json 176.0B
Database: /home/khushboo/frappe-bench/sites/khushboo.local/private/backups/20260814_180006-khushboo_local-database.sql.gz 959.9KiB
Backup for Site khushboo.local has been successfully completed
File ./site1.local/private/backups/20260814_120013-site1_local-site_config_backup.json is recent
File ./site1.local/private/backups/20260813_180012-site1_local-site_config_backup.json is older than 23 hours
File ./site1.local/private/backups/20260814_120013-site1_local-database.sql.gz is recent
File ./site1.local/private/backups/20260813_180012-site1_local-database.sql.gz is older than 23 hours
set -o pipefail; /usr/bin/mariadb-dump --user=_b026392f038ad58b --host=127.0.0.1 --port=3306 --password=********** --single-transaction --quick --lock-tables=false _b026392f038ad58b | /usr/bin/gzip >> ./site1.local/private/backups/20260814_180013-site1_local-database.sql.gz

Backup Summary for site1.local at 2026-08-14 18:00:22.081249
Config  : /home/khushboo/frappe-bench/sites/site1.local/private/backups/20260814_180013-site1_local-site_config_backup.json 186.0B
Database: /home/khushboo/frappe-bench/sites/site1.local/private/backups/20260814_180013-site1_local-database.sql.gz 1.2MiB
Backup for Site site1.local has been successfully completed
set -o pipefail; /usr/bin/mariadb-dump --user=_0fcf0af06be36fef --host=127.0.0.1 --port=3306 --password=********** --single-transaction --quick --lock-tables=false _0fcf0af06be36fef | /usr/bin/gzip >> ./khushboo.local/private/backups/20260817_120006-khushboo_local-database.sql.gz

Backup Summary for khushboo.local at 2026-08-17 12:00:11.132009
Config  : /home/khushboo/frappe-bench/sites/khushboo.local/private/backups/20260817_120006-khushboo_local-site_config_backup.json 176.0B
Database: /home/khushboo/frappe-bench/sites/khushboo.local/private/backups/20260817_120006-khushboo_local-database.sql.gz 959.9KiB
Backup for Site khushboo.local has been successfully completed
File ./site1.local/private/backups/20260814_120013-site1_local-site_config_backup.json is older than 23 hours
File ./site1.local/private/backups/20260814_180013-site1_local-database.sql.gz is older than 23 hours
File ./site1.local/private/backups/20260814_180013-site1_local-site_config_backup.json is older than 23 hours
File ./site1.local/private/backups/20260814_120013-site1_local-database.sql.gz is older than 23 hours
set -o pipefail; /usr/bin/mariadb-dump --user=_b026392f038ad58b --host=127.0.0.1 --port=3306 --password=********** --single-transaction --quick --lock-tables=false _b026392f038ad58b | /usr/bin/gzip >> ./site1.local/private/backups/20260817_120011-site1_local-database.sql.gz

Backup Summary for site1.local at 2026-08-17 12:00:16.904444
Config  : /home/khushboo/frappe-bench/sites/site1.local/private/backups/20260817_120011-site1_local-site_config_backup.json 186.0B
Database: /home/khushboo/frappe-bench/sites/site1.local/private/backups/20260817_120011-site1_local-database.sql.gz 1.2MiB
Backup for Site site1.local has been successfully completed
set -o pipefail; /usr/bin/mariadb-dump --user=_0fcf0af06be36fef --host=127.0.0.1 --port=3306 --password=********** --single-transaction --quick --lock-tables=false _0fcf0af06be36fef | /usr/bin/gzip >> ./khushboo.local/private/backups/20260817_180002-khushboo_local-database.sql.gz

Backup Summary for khushboo.local at 2026-08-17 18:00:11.065718
Config  : /home/khushboo/frappe-bench/sites/khushboo.local/private/backups/20260817_180002-khushboo_local-site_config_backup.json 176.0B
Database: /home/khushboo/frappe-bench/sites/khushboo.local/private/backups/20260817_180002-khushboo_local-database.sql.gz 938.8KiB
Backup for Site khushboo.local has been successfully completed
File ./site1.local/private/backups/20260817_120011-site1_local-site_config_backup.json is recent
File ./site1.local/private/backups/20260817_120011-site1_local-database.sql.gz is recent
set -o pipefail; /usr/bin/mariadb-dump --user=_b026392f038ad58b --host=127.0.0.1 --port=3306 --password=********** --single-transaction --quick --lock-tables=false _b026392f038ad58b | /usr/bin/gzip >> ./site1.local/private/backups/20260817_180011-site1_local-database.sql.gz

Backup Summary for site1.local at 2026-08-17 18:00:19.045461
Config  : /home/khushboo/frappe-bench/sites/site1.local/private/backups/20260817_180011-site1_local-site_config_backup.json 186.0B
Database: /home/khushboo/frappe-bench/sites/site1.local/private/backups/20260817_180011-site1_local-database.sql.gz 1.2MiB
Backup for Site site1.local has been successfully completed
set -o pipefail; /usr/bin/mariadb-dump --user=_6302274d1363fe00 --host=127.0.0.1 --port=3306 --password=********** --single-transaction --quick --lock-tables=false _6302274d1363fe00 | /usr/bin/gzip >> ./wms.local/private/backups/20260817_180019-wms_local-database.sql.gz

Backup Summary for wms.local at 2026-08-17 18:00:23.020227
Config  : /home/khushboo/frappe-bench/sites/wms.local/private/backups/20260817_180019-wms_local-site_config_backup.json 189.0B
Database: /home/khushboo/frappe-bench/sites/wms.local/private/backups/20260817_180019-wms_local-database.sql.gz 939.7KiB
Backup for Site wms.local has been successfully completed
set -o pipefail; /usr/bin/mariadb-dump --user=_0fcf0af06be36fef --host=127.0.0.1 --port=3306 --password=********** --single-transaction --quick --lock-tables=false _0fcf0af06be36fef | /usr/bin/gzip >> ./khushboo.local/private/backups/20260818_120003-khushboo_local-database.sql.gz

Backup Summary for khushboo.local at 2026-08-18 12:00:09.121091
Config  : /home/khushboo/frappe-bench/sites/khushboo.local/private/backups/20260818_120003-khushboo_local-site_config_backup.json 176.0B
Database: /home/khushboo/frappe-bench/sites/khushboo.local/private/backups/20260818_120003-khushboo_local-database.sql.gz 938.8KiB
Backup for Site khushboo.local has been successfully completed
File ./site1.local/private/backups/20260817_180011-site1_local-site_config_backup.json is recent
File ./site1.local/private/backups/20260817_180011-site1_local-database.sql.gz is recent
File ./site1.local/private/backups/20260817_120011-site1_local-site_config_backup.json is older than 23 hours
File ./site1.local/private/backups/20260817_120011-site1_local-database.sql.gz is older than 23 hours
set -o pipefail; /usr/bin/mariadb-dump --user=_b026392f038ad58b --host=127.0.0.1 --port=3306 --password=********** --single-transaction --quick --lock-tables=false _b026392f038ad58b | /usr/bin/gzip >> ./site1.local/private/backups/20260818_120009-site1_local-database.sql.gz

Backup Summary for site1.local at 2026-08-18 12:00:16.202404
Config  : /home/khushboo/frappe-bench/sites/site1.local/private/backups/20260818_120009-site1_local-site_config_backup.json 186.0B
Database: /home/khushboo/frappe-bench/sites/site1.local/private/backups/20260818_120009-site1_local-database.sql.gz 1.2MiB
Backup for Site site1.local has been successfully completed
File ./wms.local/private/backups/20260817_180019-wms_local-database.sql.gz is recent
File ./wms.local/private/backups/20260817_180019-wms_local-site_config_backup.json is recent
set -o pipefail; /usr/bin/mariadb-dump --user=_6302274d1363fe00 --host=127.0.0.1 --port=3306 --password=********** --single-transaction --quick --lock-tables=false _6302274d1363fe00 | /usr/bin/gzip >> ./wms.local/private/backups/20260818_120016-wms_local-database.sql.gz

Backup Summary for wms.local at 2026-08-18 12:00:21.537434
Config  : /home/khushboo/frappe-bench/sites/wms.local/private/backups/20260818_120016-wms_local-site_config_backup.json 189.0B
Database: /home/khushboo/frappe-bench/sites/wms.local/private/backups/20260818_120016-wms_local-database.sql.gz 948.4KiB
Backup for Site wms.local has been successfully completed
set -o pipefail; /usr/bin/mariadb-dump --user=_0fcf0af06be36fef --host=127.0.0.1 --port=3306 --password=********** --single-transaction --quick --lock-tables=false _0fcf0af06be36fef | /usr/bin/gzip >> ./khushboo.local/private/backups/20260818_180002-khushboo_local-database.sql.gz

Backup Summary for khushboo.local at 2026-08-18 18:00:07.427052
Config  : /home/khushboo/frappe-bench/sites/khushboo.local/private/backups/20260818_180002-khushboo_local-site_config_backup.json 176.0B
Database: /home/khushboo/frappe-bench/sites/khushboo.local/private/backups/20260818_180002-khushboo_local-database.sql.gz 941.3KiB
Backup for Site khushboo.local has been successfully completed
File ./site1.local/private/backups/20260818_120009-site1_local-database.sql.gz is recent
File ./site1.local/private/backups/20260817_180011-site1_local-site_config_backup.json is older than 23 hours
File ./site1.local/private/backups/20260817_180011-site1_local-database.sql.gz is older than 23 hours
File ./site1.local/private/backups/20260818_120009-site1_local-site_config_backup.json is recent
set -o pipefail; /usr/bin/mariadb-dump --user=_b026392f038ad58b --host=127.0.0.1 --port=3306 --password=********** --single-transaction --quick --lock-tables=false _b026392f038ad58b | /usr/bin/gzip >> ./site1.local/private/backups/20260818_180007-site1_local-database.sql.gz

Backup Summary for site1.local at 2026-08-18 18:00:10.127369
Config  : /home/khushboo/frappe-bench/sites/site1.local/private/backups/20260818_180007-site1_local-site_config_backup.json 186.0B
Database: /home/khushboo/frappe-bench/sites/site1.local/private/backups/20260818_180007-site1_local-database.sql.gz 1.2MiB
Backup for Site site1.local has been successfully completed
File ./wms.local/private/backups/20260818_120016-wms_local-database.sql.gz is recent
File ./wms.local/private/backups/20260818_120016-wms_local-site_config_backup.json is recent
File ./wms.local/private/backups/20260817_180019-wms_local-database.sql.gz is older than 23 hours
File ./wms.local/private/backups/20260817_180019-wms_local-site_config_backup.json is older than 23 hours
set -o pipefail; /usr/bin/mariadb-dump --user=_6302274d1363fe00 --host=127.0.0.1 --port=3306 --password=********** --single-transaction --quick --lock-tables=false _6302274d1363fe00 | /usr/bin/gzip >> ./wms.local/private/backups/20260818_180010-wms_local-database.sql.gz

Backup Summary for wms.local at 2026-08-18 18:00:13.400164
Config  : /home/khushboo/frappe-bench/sites/wms.local/private/backups/20260818_180010-wms_local-site_config_backup.json 189.0B
Database: /home/khushboo/frappe-bench/sites/wms.local/private/backups/20260818_180010-wms_local-database.sql.gz 988.1KiB
Backup for Site wms.local has been successfully completed
set -o pipefail; /usr/bin/mariadb-dump --user=_0fcf0af06be36fef --host=127.0.0.1 --port=3306 --password=********** --single-transaction --quick --lock-tables=false _0fcf0af06be36fef | /usr/bin/gzip >> ./khushboo.local/private/backups/20260819_120003-khushboo_local-database.sql.gz

Backup Summary for khushboo.local at 2026-08-19 12:00:09.596186
Config  : /home/khushboo/frappe-bench/sites/khushboo.local/private/backups/20260819_120003-khushboo_local-site_config_backup.json 176.0B
Database: /home/khushboo/frappe-bench/sites/khushboo.local/private/backups/20260819_120003-khushboo_local-database.sql.gz 939.0KiB
Backup for Site khushboo.local has been successfully completed
File ./site1.local/private/backups/20260818_120009-site1_local-database.sql.gz is older than 23 hours
File ./site1.local/private/backups/20260818_180007-site1_local-site_config_backup.json is recent
File ./site1.local/private/backups/20260818_120009-site1_local-site_config_backup.json is older than 23 hours
File ./site1.local/private/backups/20260818_180007-site1_local-database.sql.gz is recent
set -o pipefail; /usr/bin/mariadb-dump --user=_b026392f038ad58b --host=127.0.0.1 --port=3306 --password=********** --single-transaction --quick --lock-tables=false _b026392f038ad58b | /usr/bin/gzip >> ./site1.local/private/backups/20260819_120009-site1_local-database.sql.gz

Backup Summary for site1.local at 2026-08-19 12:00:14.785822
Config  : /home/khushboo/frappe-bench/sites/site1.local/private/backups/20260819_120009-site1_local-site_config_backup.json 186.0B
Database: /home/khushboo/frappe-bench/sites/site1.local/private/backups/20260819_120009-site1_local-database.sql.gz 1.2MiB
Backup for Site site1.local has been successfully completed
File ./wms.local/private/backups/20260818_120016-wms_local-database.sql.gz is older than 23 hours
File ./wms.local/private/backups/20260818_180010-wms_local-database.sql.gz is recent
File ./wms.local/private/backups/20260818_120016-wms_local-site_config_backup.json is older than 23 hours
File ./wms.local/private/backups/20260818_180010-wms_local-site_config_backup.json is recent
set -o pipefail; /usr/bin/mariadb-dump --user=_6302274d1363fe00 --host=127.0.0.1 --port=3306 --password=********** --single-transaction --quick --lock-tables=false _6302274d1363fe00 | /usr/bin/gzip >> ./wms.local/private/backups/20260819_120014-wms_local-database.sql.gz

Backup Summary for wms.local at 2026-08-19 12:00:17.995708
Config  : /home/khushboo/frappe-bench/sites/wms.local/private/backups/20260819_120014-wms_local-site_config_backup.json 189.0B
Database: /home/khushboo/frappe-bench/sites/wms.local/private/backups/20260819_120014-wms_local-database.sql.gz 1023.9KiB
Backup for Site wms.local has been successfully completed
set -o pipefail; /usr/bin/mariadb-dump --user=_0fcf0af06be36fef --host=127.0.0.1 --port=3306 --password=********** --single-transaction --quick --lock-tables=false _0fcf0af06be36fef | /usr/bin/gzip >> ./khushboo.local/private/backups/20260819_180002-khushboo_local-database.sql.gz

Backup Summary for khushboo.local at 2026-08-19 18:00:09.091226
Config  : /home/khushboo/frappe-bench/sites/khushboo.local/private/backups/20260819_180002-khushboo_local-site_config_backup.json 176.0B
Database: /home/khushboo/frappe-bench/sites/khushboo.local/private/backups/20260819_180002-khushboo_local-database.sql.gz 941.6KiB
Backup for Site khushboo.local has been successfully completed
File ./site1.local/private/backups/20260818_180007-site1_local-site_config_backup.json is older than 23 hours
File ./site1.local/private/backups/20260819_120009-site1_local-database.sql.gz is recent
File ./site1.local/private/backups/20260818_180007-site1_local-database.sql.gz is older than 23 hours
File ./site1.local/private/backups/20260819_120009-site1_local-site_config_backup.json is recent
set -o pipefail; /usr/bin/mariadb-dump --user=_b026392f038ad58b --host=127.0.0.1 --port=3306 --password=********** --single-transaction --quick --lock-tables=false _b026392f038ad58b | /usr/bin/gzip >> ./site1.local/private/backups/20260819_180009-site1_local-database.sql.gz

Backup Summary for site1.local at 2026-08-19 18:00:15.550589
Config  : /home/khushboo/frappe-bench/sites/site1.local/private/backups/20260819_180009-site1_local-site_config_backup.json 186.0B
Database: /home/khushboo/frappe-bench/sites/site1.local/private/backups/20260819_180009-site1_local-database.sql.gz 1.2MiB
Backup for Site site1.local has been successfully completed
File ./wms.local/private/backups/20260818_180010-wms_local-database.sql.gz is older than 23 hours
File ./wms.local/private/backups/20260819_120014-wms_local-site_config_backup.json is recent
File ./wms.local/private/backups/20260818_180010-wms_local-site_config_backup.json is older than 23 hours
File ./wms.local/private/backups/20260819_120014-wms_local-database.sql.gz is recent
set -o pipefail; /usr/bin/mariadb-dump --user=_6302274d1363fe00 --host=127.0.0.1 --port=3306 --password=********** --single-transaction --quick --lock-tables=false _6302274d1363fe00 | /usr/bin/gzip >> ./wms.local/private/backups/20260819_180015-wms_local-database.sql.gz

Backup Summary for wms.local at 2026-08-19 18:00:21.149643
Config  : /home/khushboo/frappe-bench/sites/wms.local/private/backups/20260819_180015-wms_local-site_config_backup.json 189.0B
Database: /home/khushboo/frappe-bench/sites/wms.local/private/backups/20260819_180015-wms_local-database.sql.gz 1.1MiB
Backup for Site wms.local has been successfully completed
set -o pipefail; /usr/bin/mariadb-dump --user=_0fcf0af06be36fef --host=127.0.0.1 --port=3306 --password=********** --single-transaction --quick --lock-tables=false _0fcf0af06be36fef | /usr/bin/gzip >> ./khushboo.local/private/backups/20260820_120002-khushboo_local-database.sql.gz

Backup Summary for khushboo.local at 2026-08-20 12:00:06.276983
Config  : /home/khushboo/frappe-bench/sites/khushboo.local/private/backups/20260820_120002-khushboo_local-site_config_backup.json 176.0B
Database: /home/khushboo/frappe-bench/sites/khushboo.local/private/backups/20260820_120002-khushboo_local-database.sql.gz 943.6KiB
Backup for Site khushboo.local has been successfully completed
File ./site1.local/private/backups/20260819_180009-site1_local-site_config_backup.json is recent
File ./site1.local/private/backups/20260819_120009-site1_local-database.sql.gz is older than 23 hours
File ./site1.local/private/backups/20260819_180009-site1_local-database.sql.gz is recent
File ./site1.local/private/backups/20260819_120009-site1_local-site_config_backup.json is older than 23 hours
set -o pipefail; /usr/bin/mariadb-dump --user=_b026392f038ad58b --host=127.0.0.1 --port=3306 --password=********** --single-transaction --quick --lock-tables=false _b026392f038ad58b | /usr/bin/gzip >> ./site1.local/private/backups/20260820_120006-site1_local-database.sql.gz

Backup Summary for site1.local at 2026-08-20 12:00:09.615962
Config  : /home/khushboo/frappe-bench/sites/site1.local/private/backups/20260820_120006-site1_local-site_config_backup.json 186.0B
Database: /home/khushboo/frappe-bench/sites/site1.local/private/backups/20260820_120006-site1_local-database.sql.gz 1.2MiB
Backup for Site site1.local has been successfully completed
File ./wms.local/private/backups/20260819_180015-wms_local-database.sql.gz is recent
File ./wms.local/private/backups/20260819_120014-wms_local-site_config_backup.json is older than 23 hours
File ./wms.local/private/backups/20260819_180015-wms_local-site_config_backup.json is recent
File ./wms.local/private/backups/20260819_120014-wms_local-database.sql.gz is older than 23 hours
set -o pipefail; /usr/bin/mariadb-dump --user=_6302274d1363fe00 --host=127.0.0.1 --port=3306 --password=********** --single-transaction --quick --lock-tables=false _6302274d1363fe00 | /usr/bin/gzip >> ./wms.local/private/backups/20260820_120009-wms_local-database.sql.gz

Backup Summary for wms.local at 2026-08-20 12:00:11.664426
Config  : /home/khushboo/frappe-bench/sites/wms.local/private/backups/20260820_120009-wms_local-site_config_backup.json 189.0B
Database: /home/khushboo/frappe-bench/sites/wms.local/private/backups/20260820_120009-wms_local-database.sql.gz 1.1MiB
Backup for Site wms.local has been successfully completed
set -o pipefail; /usr/bin/mariadb-dump --user=_0fcf0af06be36fef --host=127.0.0.1 --port=3306 --password=********** --single-transaction --quick --lock-tables=false _0fcf0af06be36fef | /usr/bin/gzip >> ./khushboo.local/private/backups/20260820_180003-khushboo_local-database.sql.gz

Backup Summary for khushboo.local at 2026-08-20 18:00:09.375850
Config  : /home/khushboo/frappe-bench/sites/khushboo.local/private/backups/20260820_180003-khushboo_local-site_config_backup.json 176.0B
Database: /home/khushboo/frappe-bench/sites/khushboo.local/private/backups/20260820_180003-khushboo_local-database.sql.gz 946.2KiB
Backup for Site khushboo.local has been successfully completed
File ./site1.local/private/backups/20260819_180009-site1_local-site_config_backup.json is older than 23 hours
File ./site1.local/private/backups/20260820_120006-site1_local-database.sql.gz is recent
File ./site1.local/private/backups/20260819_180009-site1_local-database.sql.gz is older than 23 hours
File ./site1.local/private/backups/20260820_120006-site1_local-site_config_backup.json is recent
set -o pipefail; /usr/bin/mariadb-dump --user=_b026392f038ad58b --host=127.0.0.1 --port=3306 --password=********** --single-transaction --quick --lock-tables=false _b026392f038ad58b | /usr/bin/gzip >> ./site1.local/private/backups/20260820_180009-site1_local-database.sql.gz

Backup Summary for site1.local at 2026-08-20 18:00:18.737719
Config  : /home/khushboo/frappe-bench/sites/site1.local/private/backups/20260820_180009-site1_local-site_config_backup.json 186.0B
Database: /home/khushboo/frappe-bench/sites/site1.local/private/backups/20260820_180009-site1_local-database.sql.gz 1.2MiB
Backup for Site site1.local has been successfully completed
File ./wms.local/private/backups/20260819_180015-wms_local-database.sql.gz is older than 23 hours
File ./wms.local/private/backups/20260820_120009-wms_local-database.sql.gz is recent
File ./wms.local/private/backups/20260820_120009-wms_local-site_config_backup.json is recent
File ./wms.local/private/backups/20260819_180015-wms_local-site_config_backup.json is older than 23 hours
set -o pipefail; /usr/bin/mariadb-dump --user=_6302274d1363fe00 --host=127.0.0.1 --port=3306 --password=********** --single-transaction --quick --lock-tables=false _6302274d1363fe00 | /usr/bin/gzip >> ./wms.local/private/backups/20260820_180018-wms_local-database.sql.gz

b"mariadb-dump: Couldn't execute 'SELECT engine, table_type FROM INFORMATION_SCHEMA.TABLES WHERE table_schema = DATABASE() AND table_name = 'tabTelephony Call Type'': Lost connection to server during query (2013)\n"
Backup failed for Site wms.local. Database or site_config.json may be corrupted
Traceback with variables (most recent call last):
  File "apps/frappe/frappe/commands/site.py", line 881, in backup
    odb = scheduled_backup(
      context = CliCtxObj(force=False, profile=False, sites=['khushboo.local', 'site1.local', 'wms.local'], verbose=True)
      with_files = False
      backup_path = None
      backup_path_db = None
      backup_path_files = None
      backup_path_private_files = None
      backup_path_conf = None
      ignore_backup_conf = False
      verbose = True
      compress = False
      include = ''
      exclude = ''
      old_backup_metadata = False
      scheduled_backup = <function scheduled_backup at 0x71c126cc22a0>
      exit_code = 0
      rollback_callback = None
      site = 'wms.local'
      odb = frappe.utils.backups.BackupGenerator(backup_excludes=[], backup_includes=[], backup_path=None, backup_path_conf='./site1.local/private/backups/20260820_180009-site1_local-site_config_backup.json', backup_path_db='./site1.local/private/backups/20260820_180009-site1_local-database.sql.gz', backup_path_files='./site1.local/private/backups/20260820_180009-site1_local-files.tar', backup_path_private_files='./site1.local/private/backups/20260820_180009-site1_local-private-files.tar', compress_files=False, db_host='127.0.0.1', db_name='_b026392f038ad58b', db_port=3306, db_socket=None, db_type='mariadb', exclude_doctypes='', ignore_conf=False, include_doctypes='', old_backup_metadata=False, partial=[], password='otn9CfYA90rCWzyl', rollback_callback=frappe.utils.CallbackManager(-), site_slug='site1_local', todays_date='20260820_180009', user='_b026392f038ad58b', verbose=True)
  File "apps/frappe/frappe/utils/backups.py", line 589, in scheduled_backup
    return new_backup(
      older_than = 6
      ignore_files = True
      backup_path = None
      backup_path_db = None
      backup_path_files = None
      backup_path_private_files = None
      backup_path_conf = None
      ignore_conf = False
      include_doctypes = ''
      exclude_doctypes = ''
      compress = False
      force = True
      verbose = True
      old_backup_metadata = False
      rollback_callback = frappe.utils.CallbackManager()
  File "apps/frappe/frappe/utils/backups.py", line 647, in new_backup
    odb.get_backup(older_than, ignore_files, force=force)
      older_than = 6
      ignore_files = True
      backup_path = None
      backup_path_db = None
      backup_path_files = None
      backup_path_private_files = None
      backup_path_conf = None
      ignore_conf = False
      include_doctypes = ''
      exclude_doctypes = ''
      compress = False
      force = True
      verbose = True
      old_backup_metadata = False
      rollback_callback = frappe.utils.CallbackManager()
      odb = frappe.utils.backups.BackupGenerator(backup_excludes=[], backup_includes=[], backup_path=None, backup_path_conf='./wms.local/private/backups/20260820_180018-wms_local-site_config_backup.json', backup_path_db='./wms.local/private/backups/20260820_180018-wms_local-database.sql.gz', backup_path_files='./wms.local/private/backups/20260820_180018-wms_local-files.tar', backup_path_private_files='./wms.local/private/backups/20260820_180018-wms_local-private-files.tar', compress_files=False, db_host='127.0.0.1', db_name='_6302274d1363fe00', db_port=3306, db_socket=None, db_type='mariadb', exclude_doctypes='', ignore_conf=False, include_doctypes='', old_backup_metadata=False, partial=[], password='RoKHq7dIsobAUV3x', rollback_callback=frappe.utils.CallbackManager(-), site_slug='wms_local', todays_date='20260820_180018', user='_6302274d1363fe00', verbose=True)
  File "apps/frappe/frappe/utils/backups.py", line 191, in get_backup
    self.delete_if_step_fails(self.take_dump, self.backup_path_db)
      self = frappe.utils.backups.BackupGenerator(backup_excludes=[], backup_includes=[], backup_path=None, backup_path_conf='./wms.local/private/backups/20260820_180018-wms_local-site_config_backup.json', backup_path_db='./wms.local/private/backups/20260820_180018-wms_local-database.sql.gz', backup_path_files='./wms.local/private/backups/20260820_180018-wms_local-files.tar', backup_path_private_files='./wms.local/private/backups/20260820_180018-wms_local-private-files.tar', compress_files=False, db_host='127.0.0.1', db_name='_6302274d1363fe00', db_port=3306, db_socket=None, db_type='mariadb', exclude_doctypes='', ignore_conf=False, include_doctypes='', old_backup_metadata=False, partial=[], password='RoKHq7dIsobAUV3x', rollback_callback=frappe.utils.CallbackManager(-), site_slug='wms_local', todays_date='20260820_180018', user='_6302274d1363fe00', verbose=True)
      older_than = 6
      ignore_files = True
      force = True
      last_db = False
      last_file = False
      last_private_file = False
      site_config_backup_path = False
  File "apps/frappe/frappe/utils/backups.py", line 528, in delete_if_step_fails
    raise e
      self = frappe.utils.backups.BackupGenerator(backup_excludes=[], backup_includes=[], backup_path=None, backup_path_conf='./wms.local/private/backups/20260820_180018-wms_local-site_config_backup.json', backup_path_db='./wms.local/private/backups/20260820_180018-wms_local-database.sql.gz', backup_path_files='./wms.local/private/backups/20260820_180018-wms_local-files.tar', backup_path_private_files='./wms.local/private/backups/20260820_180018-wms_local-private-files.tar', compress_files=False, db_host='127.0.0.1', db_name='_6302274d1363fe00', db_port=3306, db_socket=None, db_type='mariadb', exclude_doctypes='', ignore_conf=False, include_doctypes='', old_backup_metadata=False, partial=[], password='RoKHq7dIsobAUV3x', rollback_callback=frappe.utils.CallbackManager(-), site_slug='wms_local', todays_date='20260820_180018', user='_6302274d1363fe00', verbose=True)
      step = <bound method BackupGenerator.take_dump of <frappe.utils.backups.BackupGenerator object at 0x71c125dae490>>
      paths = ('./wms.local/private/backups/20260820_180018-wms_local-database.sql.gz')
      path = './wms.local/private/backups/20260820_180018-wms_local-database.sql.gz'
  File "apps/frappe/frappe/utils/backups.py", line 523, in delete_if_step_fails
    step()
      self = frappe.utils.backups.BackupGenerator(backup_excludes=[], backup_includes=[], backup_path=None, backup_path_conf='./wms.local/private/backups/20260820_180018-wms_local-site_config_backup.json', backup_path_db='./wms.local/private/backups/20260820_180018-wms_local-database.sql.gz', backup_path_files='./wms.local/private/backups/20260820_180018-wms_local-files.tar', backup_path_private_files='./wms.local/private/backups/20260820_180018-wms_local-private-files.tar', compress_files=False, db_host='127.0.0.1', db_name='_6302274d1363fe00', db_port=3306, db_socket=None, db_type='mariadb', exclude_doctypes='', ignore_conf=False, include_doctypes='', old_backup_metadata=False, partial=[], password='RoKHq7dIsobAUV3x', rollback_callback=frappe.utils.CallbackManager(-), site_slug='wms_local', todays_date='20260820_180018', user='_6302274d1363fe00', verbose=True)
      step = <bound method BackupGenerator.take_dump of <frappe.utils.backups.BackupGenerator object at 0x71c125dae490>>
      paths = ('./wms.local/private/backups/20260820_180018-wms_local-database.sql.gz')
      path = './wms.local/private/backups/20260820_180018-wms_local-database.sql.gz'
  File "apps/frappe/frappe/utils/backups.py", line 476, in take_dump
    frappe.utils.execute_in_shell(command, low_priority=True, check_exit_code=True)
      self = frappe.utils.backups.BackupGenerator(backup_excludes=[], backup_includes=[], backup_path=None, backup_path_conf='./wms.local/private/backups/20260820_180018-wms_local-site_config_backup.json', backup_path_db='./wms.local/private/backups/20260820_180018-wms_local-database.sql.gz', backup_path_files='./wms.local/private/backups/20260820_180018-wms_local-files.tar', backup_path_private_files='./wms.local/private/backups/20260820_180018-wms_local-private-files.tar', compress_files=False, db_host='127.0.0.1', db_name='_6302274d1363fe00', db_port=3306, db_socket=None, db_type='mariadb', exclude_doctypes='', ignore_conf=False, include_doctypes='', old_backup_metadata=False, partial=[], password='RoKHq7dIsobAUV3x', rollback_callback=frappe.utils.CallbackManager(-), site_slug='wms_local', todays_date='20260820_180018', user='_6302274d1363fe00', verbose=True)
      frappe = <module 'frappe' from 'apps/frappe/frappe/__init__.py'>
      command = 'set -o pipefail; /usr/bin/mariadb-dump --user=_6302274d1363fe00 --host=127.0.0.1 --port=3306 --password=RoKHq7dIsobAUV3x --single-transaction --quick --lock-tables=false _6302274d1363fe00 | /usr/bin/gzip >> ./wms.local/private/backups/20260820_180018-wms_local-database.sql.gz'
      shlex = <module 'shlex' from '/usr/local/lib/python3.14/shlex.py'>
      get_app_branch = <function get_app_branch at 0x71c125dfd4e0>
      gzip_exc = '/usr/bin/gzip'
      database_header_content = ['begin frappe metadata', '[frappe]', 'version = 16.24.3', 'branch = version-16', 'end frappe metadata', '']
      generated_header = '-- begin frappe metadata
      -- [frappe]
      -- version = 16.24.3
      -- branch = version-16
      -- end frappe metadata
      -- 
      '
      f = <_io.TextIOWrapper name='./wms.local/private/backups/20260820_180018-wms_local-database.sql.gz' encoding='UTF-8'>
      cmd = ['/usr/bin/mariadb-dump', '--user=_6302274d1363fe00 --host=127.0.0.1 --port=3306 --password=RoKHq7dIsobAUV3x --single-transaction --quick --lock-tables=false _6302274d1363fe00']
      extra = []
      get_command = <function get_command at 0x71c126dec5c0>
      bin = '/usr/bin/mariadb-dump'
      args = ['--user=_6302274d1363fe00', '--host=127.0.0.1', '--port=3306', '--password=RoKHq7dIsobAUV3x', '--single-transaction', '--quick', '--lock-tables=false', '_6302274d1363fe00']
      bin_name = 'mariadb-dump'
  File "apps/frappe/frappe/utils/__init__.py", line 497, in execute_in_shell
    raise frappe.CommandFailedError(
      cmd = 'set -o pipefail; /usr/bin/mariadb-dump --user=_6302274d1363fe00 --host=127.0.0.1 --port=3306 --password=RoKHq7dIsobAUV3x --single-transaction --quick --lock-tables=false _6302274d1363fe00 | /usr/bin/gzip >> ./wms.local/private/backups/20260820_180018-wms_local-database.sql.gz'
      verbose = False
      low_priority = True
      check_exit_code = True
      shlex = <module 'shlex' from '/usr/local/lib/python3.14/shlex.py'>
      tempfile = <module 'tempfile' from '/usr/local/lib/python3.14/tempfile.py'>
      Popen = subprocess.Popen
      stdout = <_io.BufferedRandom name=12>
      stderr = <_io.BufferedRandom name=13>
      kwargs = <exception while printing> Traceback (most recent call last):
          ...traceback_with_variables internal stacks...
          File "apps/frappe/frappe/utils/__init__.py", line 353, in dict_printer
            v = deepcopy(v)
          File "/usr/local/lib/python3.14/copy.py", line 131, in deepcopy
            y = copier(x, memo)
          File "/usr/local/lib/python3.14/copy.py", line 202, in _deepcopy_dict
            y[deepcopy(key, memo)] = deepcopy(value, memo)
                                     ~~~~~~~~^^^^^^^^^^^^^
          File "/usr/local/lib/python3.14/copy.py", line 146, in deepcopy
            rv = reductor(4)
        TypeError: cannot pickle 'BufferedRandom' instances
        
      p = <Popen: returncode: 2 args: 'set -o pipefail; /usr/bin/mariadb-dump --user=_...>
      exit_code = 2
      out = b''
      err = b"mariadb-dump: Couldn't execute 'SELECT engine, table_type FROM INFORMATION_SCHEMA.TABLES WHERE table_schema = DATABASE() AND table_name = 'tabTelephony Call Type'': Lost connection to server during query (2013)\n"
      failed = 2
frappe.exceptions.CommandFailedError: Command failed
set -o pipefail; /usr/bin/mariadb-dump --user=_0fcf0af06be36fef --host=127.0.0.1 --port=3306 --password=********** --single-transaction --quick --lock-tables=false _0fcf0af06be36fef | /usr/bin/gzip >> ./khushboo.local/private/backups/20260821_120003-khushboo_local-database.sql.gz

Backup Summary for khushboo.local at 2026-08-21 12:00:10.842840
Config  : /home/khushboo/frappe-bench/sites/khushboo.local/private/backups/20260821_120003-khushboo_local-site_config_backup.json 176.0B
Database: /home/khushboo/frappe-bench/sites/khushboo.local/private/backups/20260821_120003-khushboo_local-database.sql.gz 948.5KiB
Backup for Site khushboo.local has been successfully completed
File ./site1.local/private/backups/20260820_180009-site1_local-site_config_backup.json is recent
File ./site1.local/private/backups/20260820_120006-site1_local-database.sql.gz is older than 23 hours
File ./site1.local/private/backups/20260820_180009-site1_local-database.sql.gz is recent
File ./site1.local/private/backups/20260820_120006-site1_local-site_config_backup.json is older than 23 hours
set -o pipefail; /usr/bin/mariadb-dump --user=_b026392f038ad58b --host=127.0.0.1 --port=3306 --password=********** --single-transaction --quick --lock-tables=false _b026392f038ad58b | /usr/bin/gzip >> ./site1.local/private/backups/20260821_120010-site1_local-database.sql.gz

Backup Summary for site1.local at 2026-08-21 12:00:19.534426
Config  : /home/khushboo/frappe-bench/sites/site1.local/private/backups/20260821_120010-site1_local-site_config_backup.json 186.0B
Database: /home/khushboo/frappe-bench/sites/site1.local/private/backups/20260821_120010-site1_local-database.sql.gz 1.2MiB
Backup for Site site1.local has been successfully completed
File ./wms.local/private/backups/20260820_120009-wms_local-database.sql.gz is older than 23 hours
File ./wms.local/private/backups/20260820_120009-wms_local-site_config_backup.json is older than 23 hours
set -o pipefail; /usr/bin/mariadb-dump --user=_6302274d1363fe00 --host=127.0.0.1 --port=3306 --password=********** --single-transaction --quick --lock-tables=false _6302274d1363fe00 | /usr/bin/gzip >> ./wms.local/private/backups/20260821_120019-wms_local-database.sql.gz

Backup Summary for wms.local at 2026-08-21 12:00:24.915381
Config  : /home/khushboo/frappe-bench/sites/wms.local/private/backups/20260821_120019-wms_local-site_config_backup.json 256.0B
Database: /home/khushboo/frappe-bench/sites/wms.local/private/backups/20260821_120019-wms_local-database.sql.gz 1.1MiB
Backup for Site wms.local has been successfully completed
set -o pipefail; /usr/bin/mariadb-dump --user=_0fcf0af06be36fef --host=127.0.0.1 --port=3306 --password=********** --single-transaction --quick --lock-tables=false _0fcf0af06be36fef | /usr/bin/gzip >> ./khushboo.local/private/backups/20260821_180004-khushboo_local-database.sql.gz

Backup Summary for khushboo.local at 2026-08-21 18:00:14.407960
Config  : /home/khushboo/frappe-bench/sites/khushboo.local/private/backups/20260821_180004-khushboo_local-site_config_backup.json 176.0B
Database: /home/khushboo/frappe-bench/sites/khushboo.local/private/backups/20260821_180004-khushboo_local-database.sql.gz 951.0KiB
Backup for Site khushboo.local has been successfully completed
File ./site1.local/private/backups/20260820_180009-site1_local-site_config_backup.json is older than 23 hours
File ./site1.local/private/backups/20260820_180009-site1_local-database.sql.gz is older than 23 hours
File ./site1.local/private/backups/20260821_120010-site1_local-database.sql.gz is recent
File ./site1.local/private/backups/20260821_120010-site1_local-site_config_backup.json is recent
set -o pipefail; /usr/bin/mariadb-dump --user=_b026392f038ad58b --host=127.0.0.1 --port=3306 --password=********** --single-transaction --quick --lock-tables=false _b026392f038ad58b | /usr/bin/gzip >> ./site1.local/private/backups/20260821_180014-site1_local-database.sql.gz

Backup Summary for site1.local at 2026-08-21 18:00:25.283475
Config  : /home/khushboo/frappe-bench/sites/site1.local/private/backups/20260821_180014-site1_local-site_config_backup.json 186.0B
Database: /home/khushboo/frappe-bench/sites/site1.local/private/backups/20260821_180014-site1_local-database.sql.gz 1.2MiB
Backup for Site site1.local has been successfully completed
File ./wms.local/private/backups/20260821_120019-wms_local-database.sql.gz is recent
File ./wms.local/private/backups/20260821_120019-wms_local-site_config_backup.json is recent
set -o pipefail; /usr/bin/mariadb-dump --user=_6302274d1363fe00 --host=127.0.0.1 --port=3306 --password=********** --single-transaction --quick --lock-tables=false _6302274d1363fe00 | /usr/bin/gzip >> ./wms.local/private/backups/20260821_180025-wms_local-database.sql.gz

Backup Summary for wms.local at 2026-08-21 18:00:33.664150
Config  : /home/khushboo/frappe-bench/sites/wms.local/private/backups/20260821_180025-wms_local-site_config_backup.json 256.0B
Database: /home/khushboo/frappe-bench/sites/wms.local/private/backups/20260821_180025-wms_local-database.sql.gz 1.1MiB
Backup for Site wms.local has been successfully completed
set -o pipefail; /usr/bin/mariadb-dump --user=_0fcf0af06be36fef --host=127.0.0.1 --port=3306 --password=********** --single-transaction --quick --lock-tables=false _0fcf0af06be36fef | /usr/bin/gzip >> ./khushboo.local/private/backups/20260822_120004-khushboo_local-database.sql.gz

Backup Summary for khushboo.local at 2026-08-22 12:00:08.443802
Config  : /home/khushboo/frappe-bench/sites/khushboo.local/private/backups/20260822_120004-khushboo_local-site_config_backup.json 176.0B
Database: /home/khushboo/frappe-bench/sites/khushboo.local/private/backups/20260822_120004-khushboo_local-database.sql.gz 953.3KiB
Backup for Site khushboo.local has been successfully completed
File ./site1.local/private/backups/20260821_120010-site1_local-database.sql.gz is older than 23 hours
File ./site1.local/private/backups/20260821_120010-site1_local-site_config_backup.json is older than 23 hours
File ./site1.local/private/backups/20260821_180014-site1_local-site_config_backup.json is recent
File ./site1.local/private/backups/20260821_180014-site1_local-database.sql.gz is recent
set -o pipefail; /usr/bin/mariadb-dump --user=_b026392f038ad58b --host=127.0.0.1 --port=3306 --password=********** --single-transaction --quick --lock-tables=false _b026392f038ad58b | /usr/bin/gzip >> ./site1.local/private/backups/20260822_120008-site1_local-database.sql.gz

Backup Summary for site1.local at 2026-08-22 12:00:14.429279
Config  : /home/khushboo/frappe-bench/sites/site1.local/private/backups/20260822_120008-site1_local-site_config_backup.json 186.0B
Database: /home/khushboo/frappe-bench/sites/site1.local/private/backups/20260822_120008-site1_local-database.sql.gz 1.2MiB
Backup for Site site1.local has been successfully completed
File ./wms.local/private/backups/20260821_120019-wms_local-database.sql.gz is older than 23 hours
File ./wms.local/private/backups/20260821_180025-wms_local-site_config_backup.json is recent
File ./wms.local/private/backups/20260821_120019-wms_local-site_config_backup.json is older than 23 hours
File ./wms.local/private/backups/20260821_180025-wms_local-database.sql.gz is recent
set -o pipefail; /usr/bin/mariadb-dump --user=_6302274d1363fe00 --host=127.0.0.1 --port=3306 --password=********** --single-transaction --quick --lock-tables=false _6302274d1363fe00 | /usr/bin/gzip >> ./wms.local/private/backups/20260822_120014-wms_local-database.sql.gz

Backup Summary for wms.local at 2026-08-22 12:00:21.424095
Config  : /home/khushboo/frappe-bench/sites/wms.local/private/backups/20260822_120014-wms_local-site_config_backup.json 256.0B
Database: /home/khushboo/frappe-bench/sites/wms.local/private/backups/20260822_120014-wms_local-database.sql.gz 1.1MiB
Backup for Site wms.local has been successfully completed
set -o pipefail; /usr/bin/mariadb-dump --user=_0fcf0af06be36fef --host=127.0.0.1 --port=3306 --password=********** --single-transaction --quick --lock-tables=false _0fcf0af06be36fef | /usr/bin/gzip >> ./khushboo.local/private/backups/20260822_180003-khushboo_local-database.sql.gz

Backup Summary for khushboo.local at 2026-08-22 18:00:11.433300
Config  : /home/khushboo/frappe-bench/sites/khushboo.local/private/backups/20260822_180003-khushboo_local-site_config_backup.json 176.0B
Database: /home/khushboo/frappe-bench/sites/khushboo.local/private/backups/20260822_180003-khushboo_local-database.sql.gz 955.8KiB
Backup for Site khushboo.local has been successfully completed
File ./site1.local/private/backups/20260822_120008-site1_local-site_config_backup.json is recent
File ./site1.local/private/backups/20260821_180014-site1_local-site_config_backup.json is older than 23 hours
File ./site1.local/private/backups/20260822_120008-site1_local-database.sql.gz is recent
File ./site1.local/private/backups/20260821_180014-site1_local-database.sql.gz is older than 23 hours
set -o pipefail; /usr/bin/mariadb-dump --user=_b026392f038ad58b --host=127.0.0.1 --port=3306 --password=********** --single-transaction --quick --lock-tables=false _b026392f038ad58b | /usr/bin/gzip >> ./site1.local/private/backups/20260822_180011-site1_local-database.sql.gz

Backup Summary for site1.local at 2026-08-22 18:00:20.139851
Config  : /home/khushboo/frappe-bench/sites/site1.local/private/backups/20260822_180011-site1_local-site_config_backup.json 186.0B
Database: /home/khushboo/frappe-bench/sites/site1.local/private/backups/20260822_180011-site1_local-database.sql.gz 1.2MiB
Backup for Site site1.local has been successfully completed
File ./wms.local/private/backups/20260821_180025-wms_local-site_config_backup.json is older than 23 hours
File ./wms.local/private/backups/20260822_120014-wms_local-database.sql.gz is recent
File ./wms.local/private/backups/20260821_180025-wms_local-database.sql.gz is older than 23 hours
File ./wms.local/private/backups/20260822_120014-wms_local-site_config_backup.json is recent
set -o pipefail; /usr/bin/mariadb-dump --user=_6302274d1363fe00 --host=127.0.0.1 --port=3306 --password=********** --single-transaction --quick --lock-tables=false _6302274d1363fe00 | /usr/bin/gzip >> ./wms.local/private/backups/20260822_180020-wms_local-database.sql.gz

Backup Summary for wms.local at 2026-08-22 18:00:25.382129
Config  : /home/khushboo/frappe-bench/sites/wms.local/private/backups/20260822_180020-wms_local-site_config_backup.json 297.0B
Database: /home/khushboo/frappe-bench/sites/wms.local/private/backups/20260822_180020-wms_local-database.sql.gz 1.1MiB
Backup for Site wms.local has been successfully completed
set -o pipefail; /usr/bin/mariadb-dump --user=_0fcf0af06be36fef --host=127.0.0.1 --port=3306 --password=********** --single-transaction --quick --lock-tables=false _0fcf0af06be36fef | /usr/bin/gzip >> ./khushboo.local/private/backups/20260824_120003-khushboo_local-database.sql.gz

Backup Summary for khushboo.local at 2026-08-24 12:00:09.071272
Config  : /home/khushboo/frappe-bench/sites/khushboo.local/private/backups/20260824_120003-khushboo_local-site_config_backup.json 176.0B
Database: /home/khushboo/frappe-bench/sites/khushboo.local/private/backups/20260824_120003-khushboo_local-database.sql.gz 960.0KiB
Backup for Site khushboo.local has been successfully completed
File ./site1.local/private/backups/20260822_180011-site1_local-database.sql.gz is older than 23 hours
File ./site1.local/private/backups/20260822_120008-site1_local-site_config_backup.json is older than 23 hours
File ./site1.local/private/backups/20260822_120008-site1_local-database.sql.gz is older than 23 hours
File ./site1.local/private/backups/20260822_180011-site1_local-site_config_backup.json is older than 23 hours
set -o pipefail; /usr/bin/mariadb-dump --user=_b026392f038ad58b --host=127.0.0.1 --port=3306 --password=********** --single-transaction --quick --lock-tables=false _b026392f038ad58b | /usr/bin/gzip >> ./site1.local/private/backups/20260824_120009-site1_local-database.sql.gz

Backup Summary for site1.local at 2026-08-24 12:00:14.726536
Config  : /home/khushboo/frappe-bench/sites/site1.local/private/backups/20260824_120009-site1_local-site_config_backup.json 186.0B
Database: /home/khushboo/frappe-bench/sites/site1.local/private/backups/20260824_120009-site1_local-database.sql.gz 1.2MiB
Backup for Site site1.local has been successfully completed
File ./wms.local/private/backups/20260822_180020-wms_local-database.sql.gz is older than 23 hours
File ./wms.local/private/backups/20260822_180020-wms_local-site_config_backup.json is older than 23 hours
File ./wms.local/private/backups/20260822_120014-wms_local-database.sql.gz is older than 23 hours
File ./wms.local/private/backups/20260822_120014-wms_local-site_config_backup.json is older than 23 hours
set -o pipefail; /usr/bin/mariadb-dump --user=_6302274d1363fe00 --host=127.0.0.1 --port=3306 --password=********** --single-transaction --quick --lock-tables=false _6302274d1363fe00 | /usr/bin/gzip >> ./wms.local/private/backups/20260824_120014-wms_local-database.sql.gz

Backup Summary for wms.local at 2026-08-24 12:00:20.819623
Config  : /home/khushboo/frappe-bench/sites/wms.local/private/backups/20260824_120014-wms_local-site_config_backup.json 296.0B
Database: /home/khushboo/frappe-bench/sites/wms.local/private/backups/20260824_120014-wms_local-database.sql.gz 1.1MiB
Backup for Site wms.local has been successfully completed
set -o pipefail; /usr/bin/mariadb-dump --user=_0fcf0af06be36fef --host=127.0.0.1 --port=3306 --password=********** --single-transaction --quick --lock-tables=false _0fcf0af06be36fef | /usr/bin/gzip >> ./khushboo.local/private/backups/20260824_180003-khushboo_local-database.sql.gz

Backup Summary for khushboo.local at 2026-08-24 18:00:12.134301
Config  : /home/khushboo/frappe-bench/sites/khushboo.local/private/backups/20260824_180003-khushboo_local-site_config_backup.json 176.0B
Database: /home/khushboo/frappe-bench/sites/khushboo.local/private/backups/20260824_180003-khushboo_local-database.sql.gz 962.6KiB
Backup for Site khushboo.local has been successfully completed
File ./site1.local/private/backups/20260824_120009-site1_local-database.sql.gz is recent
File ./site1.local/private/backups/20260824_120009-site1_local-site_config_backup.json is recent
set -o pipefail; /usr/bin/mariadb-dump --user=_b026392f038ad58b --host=127.0.0.1 --port=3306 --password=********** --single-transaction --quick --lock-tables=false _b026392f038ad58b | /usr/bin/gzip >> ./site1.local/private/backups/20260824_180012-site1_local-database.sql.gz

Backup Summary for site1.local at 2026-08-24 18:00:21.265667
Config  : /home/khushboo/frappe-bench/sites/site1.local/private/backups/20260824_180012-site1_local-site_config_backup.json 186.0B
Database: /home/khushboo/frappe-bench/sites/site1.local/private/backups/20260824_180012-site1_local-database.sql.gz 1.2MiB
Backup for Site site1.local has been successfully completed
File ./wms.local/private/backups/20260824_120014-wms_local-site_config_backup.json is recent
File ./wms.local/private/backups/20260824_120014-wms_local-database.sql.gz is recent
set -o pipefail; /usr/bin/mariadb-dump --user=_6302274d1363fe00 --host=127.0.0.1 --port=3306 --password=********** --single-transaction --quick --lock-tables=false _6302274d1363fe00 | /usr/bin/gzip >> ./wms.local/private/backups/20260824_180021-wms_local-database.sql.gz

Backup Summary for wms.local at 2026-08-24 18:00:25.347234
Config  : /home/khushboo/frappe-bench/sites/wms.local/private/backups/20260824_180021-wms_local-site_config_backup.json 276.0B
Database: /home/khushboo/frappe-bench/sites/wms.local/private/backups/20260824_180021-wms_local-database.sql.gz 1.1MiB
Backup for Site wms.local has been successfully completed
set -o pipefail; /usr/bin/mariadb-dump --user=_0fcf0af06be36fef --host=127.0.0.1 --port=3306 --password=********** --single-transaction --quick --lock-tables=false _0fcf0af06be36fef | /usr/bin/gzip >> ./khushboo.local/private/backups/20260825_120003-khushboo_local-database.sql.gz

Backup Summary for khushboo.local at 2026-08-25 12:00:10.631350
Config  : /home/khushboo/frappe-bench/sites/khushboo.local/private/backups/20260825_120003-khushboo_local-site_config_backup.json 176.0B
Database: /home/khushboo/frappe-bench/sites/khushboo.local/private/backups/20260825_120003-khushboo_local-database.sql.gz 958.0KiB
Backup for Site khushboo.local has been successfully completed
File ./site1.local/private/backups/20260824_120009-site1_local-database.sql.gz is older than 23 hours
File ./site1.local/private/backups/20260824_180012-site1_local-database.sql.gz is recent
File ./site1.local/private/backups/20260824_180012-site1_local-site_config_backup.json is recent
File ./site1.local/private/backups/20260824_120009-site1_local-site_config_backup.json is older than 23 hours
set -o pipefail; /usr/bin/mariadb-dump --user=_b026392f038ad58b --host=127.0.0.1 --port=3306 --password=********** --single-transaction --quick --lock-tables=false _b026392f038ad58b | /usr/bin/gzip >> ./site1.local/private/backups/20260825_120010-site1_local-database.sql.gz

Backup Summary for site1.local at 2026-08-25 12:00:18.163506
Config  : /home/khushboo/frappe-bench/sites/site1.local/private/backups/20260825_120010-site1_local-site_config_backup.json 186.0B
Database: /home/khushboo/frappe-bench/sites/site1.local/private/backups/20260825_120010-site1_local-database.sql.gz 1.2MiB
Backup for Site site1.local has been successfully completed
File ./wms.local/private/backups/20260824_120014-wms_local-site_config_backup.json is older than 23 hours
File ./wms.local/private/backups/20260824_180021-wms_local-site_config_backup.json is recent
File ./wms.local/private/backups/20260824_120014-wms_local-database.sql.gz is older than 23 hours
File ./wms.local/private/backups/20260824_180021-wms_local-database.sql.gz is recent
set -o pipefail; /usr/bin/mariadb-dump --user=_6302274d1363fe00 --host=127.0.0.1 --port=3306 --password=********** --single-transaction --quick --lock-tables=false _6302274d1363fe00 | /usr/bin/gzip >> ./wms.local/private/backups/20260825_120018-wms_local-database.sql.gz

Backup Summary for wms.local at 2026-08-25 12:00:23.196023
Config  : /home/khushboo/frappe-bench/sites/wms.local/private/backups/20260825_120018-wms_local-site_config_backup.json 276.0B
Database: /home/khushboo/frappe-bench/sites/wms.local/private/backups/20260825_120018-wms_local-database.sql.gz 1.1MiB
Backup for Site wms.local has been successfully completed
set -o pipefail; /usr/bin/mariadb-dump --user=_0fcf0af06be36fef --host=127.0.0.1 --port=3306 --password=********** --single-transaction --quick --lock-tables=false _0fcf0af06be36fef | /usr/bin/gzip >> ./khushboo.local/private/backups/20260825_180002-khushboo_local-database.sql.gz

Backup Summary for khushboo.local at 2026-08-25 18:00:07.233485
Config  : /home/khushboo/frappe-bench/sites/khushboo.local/private/backups/20260825_180002-khushboo_local-site_config_backup.json 176.0B
Database: /home/khushboo/frappe-bench/sites/khushboo.local/private/backups/20260825_180002-khushboo_local-database.sql.gz 960.3KiB
Backup for Site khushboo.local has been successfully completed
File ./site1.local/private/backups/20260824_180012-site1_local-database.sql.gz is older than 23 hours
File ./site1.local/private/backups/20260824_180012-site1_local-site_config_backup.json is older than 23 hours
File ./site1.local/private/backups/20260825_120010-site1_local-database.sql.gz is recent
File ./site1.local/private/backups/20260825_120010-site1_local-site_config_backup.json is recent
set -o pipefail; /usr/bin/mariadb-dump --user=_b026392f038ad58b --host=127.0.0.1 --port=3306 --password=********** --single-transaction --quick --lock-tables=false _b026392f038ad58b | /usr/bin/gzip >> ./site1.local/private/backups/20260825_180007-site1_local-database.sql.gz

Backup Summary for site1.local at 2026-08-25 18:00:12.605436
Config  : /home/khushboo/frappe-bench/sites/site1.local/private/backups/20260825_180007-site1_local-site_config_backup.json 186.0B
Database: /home/khushboo/frappe-bench/sites/site1.local/private/backups/20260825_180007-site1_local-database.sql.gz 1.2MiB
Backup for Site site1.local has been successfully completed
File ./wms.local/private/backups/20260824_180021-wms_local-site_config_backup.json is older than 23 hours
File ./wms.local/private/backups/20260825_120018-wms_local-site_config_backup.json is recent
File ./wms.local/private/backups/20260825_120018-wms_local-database.sql.gz is recent
File ./wms.local/private/backups/20260824_180021-wms_local-database.sql.gz is older than 23 hours
set -o pipefail; /usr/bin/mariadb-dump --user=_6302274d1363fe00 --host=127.0.0.1 --port=3306 --password=********** --single-transaction --quick --lock-tables=false _6302274d1363fe00 | /usr/bin/gzip >> ./wms.local/private/backups/20260825_180012-wms_local-database.sql.gz

Backup Summary for wms.local at 2026-08-25 18:00:15.168267
Config  : /home/khushboo/frappe-bench/sites/wms.local/private/backups/20260825_180012-wms_local-site_config_backup.json 276.0B
Database: /home/khushboo/frappe-bench/sites/wms.local/private/backups/20260825_180012-wms_local-database.sql.gz 1.1MiB
Backup for Site wms.local has been successfully completed
set -o pipefail; /usr/bin/mariadb-dump --user=_0fcf0af06be36fef --host=127.0.0.1 --port=3306 --password=********** --single-transaction --quick --lock-tables=false _0fcf0af06be36fef | /usr/bin/gzip >> ./khushboo.local/private/backups/20260826_120002-khushboo_local-database.sql.gz

Backup Summary for khushboo.local at 2026-08-26 12:00:09.946183
Config  : /home/khushboo/frappe-bench/sites/khushboo.local/private/backups/20260826_120002-khushboo_local-site_config_backup.json 176.0B
Database: /home/khushboo/frappe-bench/sites/khushboo.local/private/backups/20260826_120002-khushboo_local-database.sql.gz 959.2KiB
Backup for Site khushboo.local has been successfully completed
File ./site1.local/private/backups/20260825_120010-site1_local-database.sql.gz is older than 23 hours
File ./site1.local/private/backups/20260825_120010-site1_local-site_config_backup.json is older than 23 hours
File ./site1.local/private/backups/20260825_180007-site1_local-database.sql.gz is recent
File ./site1.local/private/backups/20260825_180007-site1_local-site_config_backup.json is recent
set -o pipefail; /usr/bin/mariadb-dump --user=_b026392f038ad58b --host=127.0.0.1 --port=3306 --password=********** --single-transaction --quick --lock-tables=false _b026392f038ad58b | /usr/bin/gzip >> ./site1.local/private/backups/20260826_120009-site1_local-database.sql.gz

Backup Summary for site1.local at 2026-08-26 12:00:19.883309
Config  : /home/khushboo/frappe-bench/sites/site1.local/private/backups/20260826_120009-site1_local-site_config_backup.json 186.0B
Database: /home/khushboo/frappe-bench/sites/site1.local/private/backups/20260826_120009-site1_local-database.sql.gz 1.2MiB
Backup for Site site1.local has been successfully completed
File ./wms.local/private/backups/20260825_120018-wms_local-site_config_backup.json is older than 23 hours
File ./wms.local/private/backups/20260825_180012-wms_local-site_config_backup.json is recent
File ./wms.local/private/backups/20260825_120018-wms_local-database.sql.gz is older than 23 hours
File ./wms.local/private/backups/20260825_180012-wms_local-database.sql.gz is recent
set -o pipefail; /usr/bin/mariadb-dump --user=_6302274d1363fe00 --host=127.0.0.1 --port=3306 --password=********** --single-transaction --quick --lock-tables=false _6302274d1363fe00 | /usr/bin/gzip >> ./wms.local/private/backups/20260826_120019-wms_local-database.sql.gz

Backup Summary for wms.local at 2026-08-26 12:00:26.708105
Config  : /home/khushboo/frappe-bench/sites/wms.local/private/backups/20260826_120019-wms_local-site_config_backup.json 276.0B
Database: /home/khushboo/frappe-bench/sites/wms.local/private/backups/20260826_120019-wms_local-database.sql.gz 1.1MiB
Backup for Site wms.local has been successfully completed
set -o pipefail; /usr/bin/mariadb-dump --user=_0fcf0af06be36fef --host=127.0.0.1 --port=3306 --password=********** --single-transaction --quick --lock-tables=false _0fcf0af06be36fef | /usr/bin/gzip >> ./khushboo.local/private/backups/20260826_180003-khushboo_local-database.sql.gz

Backup Summary for khushboo.local at 2026-08-26 18:00:09.178802
Config  : /home/khushboo/frappe-bench/sites/khushboo.local/private/backups/20260826_180003-khushboo_local-site_config_backup.json 176.0B
Database: /home/khushboo/frappe-bench/sites/khushboo.local/private/backups/20260826_180003-khushboo_local-database.sql.gz 961.7KiB
Backup for Site khushboo.local has been successfully completed
File ./site1.local/private/backups/20260826_120009-site1_local-database.sql.gz is recent
File ./site1.local/private/backups/20260826_120009-site1_local-site_config_backup.json is recent
File ./site1.local/private/backups/20260825_180007-site1_local-database.sql.gz is older than 23 hours
File ./site1.local/private/backups/20260825_180007-site1_local-site_config_backup.json is older than 23 hours
set -o pipefail; /usr/bin/mariadb-dump --user=_b026392f038ad58b --host=127.0.0.1 --port=3306 --password=********** --single-transaction --quick --lock-tables=false _b026392f038ad58b | /usr/bin/gzip >> ./site1.local/private/backups/20260826_180009-site1_local-database.sql.gz

Backup Summary for site1.local at 2026-08-26 18:00:18.477275
Config  : /home/khushboo/frappe-bench/sites/site1.local/private/backups/20260826_180009-site1_local-site_config_backup.json 186.0B
Database: /home/khushboo/frappe-bench/sites/site1.local/private/backups/20260826_180009-site1_local-database.sql.gz 1.2MiB
Backup for Site site1.local has been successfully completed
File ./wms.local/private/backups/20260825_180012-wms_local-site_config_backup.json is older than 23 hours
File ./wms.local/private/backups/20260826_120019-wms_local-database.sql.gz is recent
File ./wms.local/private/backups/20260826_120019-wms_local-site_config_backup.json is recent
File ./wms.local/private/backups/20260825_180012-wms_local-database.sql.gz is older than 23 hours
set -o pipefail; /usr/bin/mariadb-dump --user=_6302274d1363fe00 --host=127.0.0.1 --port=3306 --password=********** --single-transaction --quick --lock-tables=false _6302274d1363fe00 | /usr/bin/gzip >> ./wms.local/private/backups/20260826_180018-wms_local-database.sql.gz

Backup Summary for wms.local at 2026-08-26 18:00:22.106071
Config  : /home/khushboo/frappe-bench/sites/wms.local/private/backups/20260826_180018-wms_local-site_config_backup.json 276.0B
Database: /home/khushboo/frappe-bench/sites/wms.local/private/backups/20260826_180018-wms_local-database.sql.gz 1.1MiB
Backup for Site wms.local has been successfully completed
